Location,BranchA,MethodA,BranchB,MethodB,MedianCoherence,MedianPhaseRmseDeg,MedianComplexNmseDb,MedianMagnitudeNrmse,MedianMagnitudeCorrelation,FrequencyCount
Location1,Branch1,ComplexDFT,Branch4,PowerREV,0.91932161329815,16.0559325903307,-8.10095040931266,0.321098299555919,0.71798652048828,51
Location1,Branch2,OnOff,Branch4,PowerREV,0.727317276451692,42.7510441058552,-3.26970260116645,0.493674681773945,0.327694092515832,51
Location1,Branch3,Hadamard,Branch4,PowerREV,0.888463512506401,23.5495961167112,-6.76474438300132,0.326306442250459,0.596388284143055,51
Location2,Branch1,ComplexDFT,Branch4,PowerREV,0.863932005537207,38.3195452468496,-5.95813950672708,0.369550613088311,0.624777216875767,51
Location2,Branch2,OnOff,Branch4,PowerREV,0.414151040379368,79.9729726759294,-0.817185396149268,0.731990688538121,0.0624706341344675,51
Location2,Branch3,Hadamard,Branch4,PowerREV,0.720371628060512,55.6260493928409,-3.177964941955,0.493029653897114,0.320921005085999,51
Location3,Branch1,ComplexDFT,Branch4,PowerREV,0.992567975953792,7.02042556832107,-18.2947974769097,0.0860288437545799,0.95214106452427,51
Location3,Branch2,OnOff,Branch4,PowerREV,0.898897107996933,26.241305901056,-7.1673498836382,0.297018589530304,0.534625140575235,51
Location3,Branch3,Hadamard,Branch4,PowerREV,0.973518163977165,11.473864009445,-12.8181078000907,0.150130991981132,0.836260392015616,51
Location4,Branch1,ComplexDFT,Branch4,PowerREV,0.966669421818255,14.5473266029197,-11.8342578728135,0.193161437423082,0.846949707645535,51
Location4,Branch2,OnOff,Branch4,PowerREV,0.746828287187086,49.0774365637971,-3.54334604166208,0.460460255865657,0.37383110239356,51
Location4,Branch3,Hadamard,Branch4,PowerREV,0.93738138271552,21.3395042891808,-9.16081404440344,0.262245518078854,0.703139990554989,51
