Branch,Method,StationCount,Stations,EstimatedX_M,EstimatedY_M,EstimatedZ_M,ErrorM,RmsRayDistanceM,GeometryConditionNumber,MinimumForwardRangeM,AllRaysForward,RobustIterations,FinalWeightSpread,MinRayDistanceM,MaxRayDistanceM
Branch4,PowerREV,2,L1-L2,0.329273323533889,1.4462798042451,1.42536601504634,1.6780367204664,0.0296335852320078,30.7589485696184,1.86351795622728,1,2,1.00000000000006,0.0296335852320069,0.0296335852320087
Branch4,PowerREV,2,L1-L3,-0.0944450333962524,1.92007097303913,1.5364442488704,1.17430063260417,0.256597992115751,15.9234748925075,1.91136842209654,1,2,1,0.256597992115751,0.256597992115751
Branch4,PowerREV,2,L1-L4,-0.268440934438065,2.2927116443894,1.50386701786579,0.841275347969624,0.273055731966122,4.77017936613561,2.47045465704984,1,2,1,0.273055731966122,0.273055731966122
Branch4,PowerREV,2,L2-L3,-0.154367598857577,1.7837300675351,1.58425677772706,1.31805527070447,0.184099193748352,6.07539066488635,1.7840435603773,1,2,1,0.184099193748352,0.184099193748352
Branch4,PowerREV,2,L2-L4,-0.421930947458781,2.0014967361569,1.56569144339049,1.16926491675551,0.195178419014266,2.73513352866581,2.14578657336124,1,2,1.00000000000001,0.195178419014266,0.195178419014267
Branch4,PowerREV,2,L3-L4,-0.256720006313231,2.4879612507925,1.78651260604673,0.714454540619968,0.00987507758928436,18.573767458728,2.50301288711324,1,2,1,0.00987507758928373,0.00987507758928498
Branch4,PowerREV,3,L1-L2-L3,-0.0459406925903841,1.77344043638345,1.48564701248037,1.31743904604222,0.222373977242411,9.11876062010399,1.75851279804724,1,15,1.41835848012757,0.0818518005077483,0.310796414470715
Branch4,PowerREV,3,L1-L2-L4,-0.272781643780462,2.05424187448468,1.43599963024645,1.07298684385372,0.260947242964716,4.63242260498948,2.24412200691901,1,15,1.43755014177842,0.13321792333099,0.355978274643203
Branch4,PowerREV,3,L1-L3-L4,-0.262800363007291,2.43686084371899,1.77115471056165,0.754439968005409,0.320208753886042,15.8632167070931,2.45219856726915,1,15,20.2638811109865,0.0134600609626896,0.553856198645084
Branch4,PowerREV,3,L2-L3-L4,-0.323871013755489,2.1059063083211,1.72133076002886,1.05939611708188,0.231378554472669,7.01929083059541,2.1274300049339,1,15,4.34010856557156,0.0857475799062582,0.372153806028183
Branch4,PowerREV,4,L1-L2-L3-L4,-0.262936083772351,2.00140353601953,1.5637156903544,1.12171178773233,0.263341241458697,4.45566085062958,2.01062809962263,1,15,1.74731543297681,0.199754920947549,0.349034856184715
