Branch,StateCount,StationCount,PipelineCount,PairedValidCount,BartlettMedianErrorM,MusicMedianErrorM,MedianMusicMinusBartlettErrorM,ExactlyEqualErrorCount,MedianDoaDifferenceDeg,MusicNonForwardCount
Branch1,NaN,2,6,6,1.20946939045076,1.15509811816794,-0.0304135094470776,0,0.511683798263517,0
Branch1,NaN,3,4,4,1.13065717055846,1.09180578736487,-0.0433248517490824,0,0.511683798263517,0
Branch1,NaN,4,1,1,1.16739948318053,1.12707549868413,-0.0403239844964036,0,0.511683798263517,0
Branch2,NaN,2,6,6,1.24320022665199,1.17735245949209,-0.0388493974222254,0,0.679489876672737,0
Branch2,NaN,3,4,4,1.19217202506066,1.12616735840972,-0.0457628888856575,0,0.679489876672737,0
Branch2,NaN,4,1,1,1.18287840482304,1.12527196335669,-0.057606441466346,0,0.679489876672737,0
Branch3,NaN,2,6,6,1.23466385125188,1.18425815899496,-0.0304989109978104,0,0.573773550383508,0
Branch3,NaN,3,4,4,1.12825270978328,1.09443134677436,-0.0367971383250255,0,0.573773550383508,0
Branch3,NaN,4,1,1,1.17115193635109,1.13543483207186,-0.035717104279231,0,0.573773550383508,0
Branch4,3,2,504,462,1.1942313238488,1.14958811505917,-0.0195862286640653,0,0.519938793399324,53
Branch4,3,3,336,308,1.10479638876357,1.09061242083576,-0.0171216206096027,0,0.519938793399324,28
Branch4,3,4,84,77,1.1233212586767,1.09700869960052,-0.0307150667921336,0,0.519938793399324,1
Branch4,4,2,756,756,1.20073490535485,1.13065246562143,-0.0256156921087407,0,0.580749369050682,18
Branch4,4,3,504,504,1.11832327533507,1.10546429311756,-0.0226575814802666,0,0.580749369050682,9
Branch4,4,4,126,126,1.15651667186963,1.11469253091107,-0.037060312384757,0,0.580749369050682,0
Branch4,5,2,756,756,1.20518935832448,1.13329983264245,-0.0313184741329773,0,0.625308406418575,0
Branch4,5,3,504,504,1.12127045722269,1.09978791779206,-0.0324081548947648,0,0.625308406418575,0
Branch4,5,4,126,126,1.1618198761809,1.11754085276182,-0.0423537091565357,0,0.625308406418575,0
Branch4,6,2,504,504,1.20753584454201,1.1382048869257,-0.0343982513372646,0,0.652849866961939,0
Branch4,6,3,336,336,1.12344667430916,1.09843045797383,-0.0389930899977444,0,0.652849866961939,0
Branch4,6,4,84,84,1.16346345596227,1.11689311478467,-0.0454170222297086,0,0.652849866961939,0
Branch4,7,2,216,216,1.21337188703673,1.14700621694162,-0.0350291359840935,0,0.703838584916067,0
Branch4,7,3,144,144,1.12249792484522,1.09843045797383,-0.0433070034488878,0,0.703838584916067,0
Branch4,7,4,36,36,1.16506484681628,1.11759486623287,-0.0484079157229479,0,0.703838584916067,0
Branch4,8,2,54,54,1.21193671837515,1.1448963676218,-0.0364634656210421,0,0.698606334417007,0
Branch4,8,3,36,36,1.12374000734128,1.09519546917572,-0.0439074320976482,0,0.698606334417007,0
Branch4,8,4,9,9,1.16628879499398,1.11595892113136,-0.0503298738626246,0,0.698606334417007,0
Branch4,9,2,6,6,1.21506698254944,1.14213862686803,-0.0288473034486341,0,0.677327377398583,0
Branch4,9,3,4,4,1.13527261851624,1.10714984475707,-0.0387747444359053,0,0.677327377398583,0
Branch4,9,4,1,1,1.16806036406662,1.11595892113136,-0.0521014429352649,0,0.677327377398583,0
