MethodIndex,MethodId,Branch,Estimator,StateCount,UniquePhaseCount,ObservationIndices,PhaseSetDeg,PowerDesignRank,PowerDesignCondition,Recoverable,Canonical,FailureReason
1,B1_DFT8,Branch1,ComplexDFT,8,8,1/2/3/4/5/6/7/8,0/45/90/135/180/225/270/315,NaN,NaN,1,1,
2,B2_ONOFF,Branch2,OnOff,NaN,NaN,,,NaN,NaN,1,0,
3,B3_HADAMARD,Branch3,Hadamard,NaN,NaN,,,NaN,NaN,1,0,
4,B4_K03_I01-02-03,Branch4,PowerREV,3,3,1/2/3,0/45/90,3,13.2024309665537,1,0,
5,B4_K03_I01-02-04,Branch4,PowerREV,3,3,1/2/4,0/45/135,3,5.35734750587403,1,0,
6,B4_K03_I01-02-05,Branch4,PowerREV,3,3,1/2/5,0/45/180,3,3.45343908280328,1,0,
7,B4_K03_I01-02-06,Branch4,PowerREV,3,3,1/2/6,0/45/225,3,3.45343908280327,1,0,
8,B4_K03_I01-02-07,Branch4,PowerREV,3,3,1/2/7,0/45/270,3,5.35734750587403,1,0,
9,B4_K03_I01-02-08,Branch4,PowerREV,3,3,1/2/8,0/45/315,3,13.2024309665537,1,0,
10,B4_K03_I01-02-09,Branch4,PowerREV,3,2,1/2/9,0/45/360,2,Inf,0,0,PowerDesignRankBelow3
11,B4_K03_I01-03-04,Branch4,PowerREV,3,3,1/3/4,0/90/135,3,5.35734750587403,1,0,
12,B4_K03_I01-03-05,Branch4,PowerREV,3,3,1/3/5,0/90/180,3,2.35829447118226,1,0,
13,B4_K03_I01-03-06,Branch4,PowerREV,3,3,1/3/6,0/90/225,3,1.68454111593416,1,0,
14,B4_K03_I01-03-07,Branch4,PowerREV,3,3,1/3/7,0/90/270,3,2.35829447118226,1,0,
15,B4_K03_I01-03-08,Branch4,PowerREV,3,3,1/3/8,0/90/315,3,5.35734750587404,1,0,
16,B4_K03_I01-03-09,Branch4,PowerREV,3,2,1/3/9,0/90/360,2,Inf,0,0,PowerDesignRankBelow3
17,B4_K03_I01-04-05,Branch4,PowerREV,3,3,1/4/5,0/135/180,3,3.45343908280327,1,0,
18,B4_K03_I01-04-06,Branch4,PowerREV,3,3,1/4/6,0/135/225,3,1.68454111593416,1,0,
19,B4_K03_I01-04-07,Branch4,PowerREV,3,3,1/4/7,0/135/270,3,1.68454111593416,1,0,
20,B4_K03_I01-04-08,Branch4,PowerREV,3,3,1/4/8,0/135/315,3,3.45343908280328,1,0,
21,B4_K03_I01-04-09,Branch4,PowerREV,3,2,1/4/9,0/135/360,2,Inf,0,0,PowerDesignRankBelow3
22,B4_K03_I01-05-06,Branch4,PowerREV,3,3,1/5/6,0/180/225,3,3.45343908280327,1,0,
23,B4_K03_I01-05-07,Branch4,PowerREV,3,3,1/5/7,0/180/270,3,2.35829447118226,1,0,
24,B4_K03_I01-05-08,Branch4,PowerREV,3,3,1/5/8,0/180/315,3,3.45343908280328,1,0,
25,B4_K03_I01-05-09,Branch4,PowerREV,3,2,1/5/9,0/180/360,2,Inf,0,0,PowerDesignRankBelow3
26,B4_K03_I01-06-07,Branch4,PowerREV,3,3,1/6/7,0/225/270,3,5.35734750587403,1,0,
27,B4_K03_I01-06-08,Branch4,PowerREV,3,3,1/6/8,0/225/315,3,5.35734750587403,1,0,
28,B4_K03_I01-06-09,Branch4,PowerREV,3,2,1/6/9,0/225/360,2,Inf,0,0,PowerDesignRankBelow3
29,B4_K03_I01-07-08,Branch4,PowerREV,3,3,1/7/8,0/270/315,3,13.2024309665537,1,0,
30,B4_K03_I01-07-09,Branch4,PowerREV,3,2,1/7/9,0/270/360,2,Inf,0,0,PowerDesignRankBelow3
31,B4_K03_I01-08-09,Branch4,PowerREV,3,2,1/8/9,0/315/360,2,Inf,0,0,PowerDesignRankBelow3
32,B4_K03_I02-03-04,Branch4,PowerREV,3,3,2/3/4,45/90/135,3,13.2024309665538,1,0,
33,B4_K03_I02-03-05,Branch4,PowerREV,3,3,2/3/5,45/90/180,3,5.35734750587403,1,0,
34,B4_K03_I02-03-06,Branch4,PowerREV,3,3,2/3/6,45/90/225,3,3.45343908280328,1,0,
35,B4_K03_I02-03-07,Branch4,PowerREV,3,3,2/3/7,45/90/270,3,3.45343908280328,1,0,
36,B4_K03_I02-03-08,Branch4,PowerREV,3,3,2/3/8,45/90/315,3,5.35734750587403,1,0,
37,B4_K03_I02-03-09,Branch4,PowerREV,3,3,2/3/9,45/90/360,3,13.2024309665537,1,0,
38,B4_K03_I02-04-05,Branch4,PowerREV,3,3,2/4/5,45/135/180,3,5.35734750587403,1,0,
39,B4_K03_I02-04-06,Branch4,PowerREV,3,3,2/4/6,45/135/225,3,2.35829447118226,1,0,
40,B4_K03_I02-04-07,Branch4,PowerREV,3,3,2/4/7,45/135/270,3,1.68454111593416,1,0,
41,B4_K03_I02-04-08,Branch4,PowerREV,3,3,2/4/8,45/135/315,3,2.35829447118226,1,0,
42,B4_K03_I02-04-09,Branch4,PowerREV,3,3,2/4/9,45/135/360,3,5.35734750587403,1,0,
43,B4_K03_I02-05-06,Branch4,PowerREV,3,3,2/5/6,45/180/225,3,3.45343908280328,1,0,
44,B4_K03_I02-05-07,Branch4,PowerREV,3,3,2/5/7,45/180/270,3,1.68454111593416,1,0,
45,B4_K03_I02-05-08,Branch4,PowerREV,3,3,2/5/8,45/180/315,3,1.68454111593416,1,0,
46,B4_K03_I02-05-09,Branch4,PowerREV,3,3,2/5/9,45/180/360,3,3.45343908280327,1,0,
47,B4_K03_I02-06-07,Branch4,PowerREV,3,3,2/6/7,45/225/270,3,3.45343908280327,1,0,
48,B4_K03_I02-06-08,Branch4,PowerREV,3,3,2/6/8,45/225/315,3,2.35829447118226,1,0,
49,B4_K03_I02-06-09,Branch4,PowerREV,3,3,2/6/9,45/225/360,3,3.45343908280327,1,0,
50,B4_K03_I02-07-08,Branch4,PowerREV,3,3,2/7/8,45/270/315,3,5.35734750587403,1,0,
51,B4_K03_I02-07-09,Branch4,PowerREV,3,3,2/7/9,45/270/360,3,5.35734750587403,1,0,
52,B4_K03_I02-08-09,Branch4,PowerREV,3,3,2/8/9,45/315/360,3,13.2024309665538,1,0,
53,B4_K03_I03-04-05,Branch4,PowerREV,3,3,3/4/5,90/135/180,3,13.2024309665537,1,0,
54,B4_K03_I03-04-06,Branch4,PowerREV,3,3,3/4/6,90/135/225,3,5.35734750587403,1,0,
55,B4_K03_I03-04-07,Branch4,PowerREV,3,3,3/4/7,90/135/270,3,3.45343908280327,1,0,
56,B4_K03_I03-04-08,Branch4,PowerREV,3,3,3/4/8,90/135/315,3,3.45343908280328,1,0,
57,B4_K03_I03-04-09,Branch4,PowerREV,3,3,3/4/9,90/135/360,3,5.35734750587403,1,0,
58,B4_K03_I03-05-06,Branch4,PowerREV,3,3,3/5/6,90/180/225,3,5.35734750587404,1,0,
59,B4_K03_I03-05-07,Branch4,PowerREV,3,3,3/5/7,90/180/270,3,2.35829447118226,1,0,
60,B4_K03_I03-05-08,Branch4,PowerREV,3,3,3/5/8,90/180/315,3,1.68454111593416,1,0,
61,B4_K03_I03-05-09,Branch4,PowerREV,3,3,3/5/9,90/180/360,3,2.35829447118226,1,0,
62,B4_K03_I03-06-07,Branch4,PowerREV,3,3,3/6/7,90/225/270,3,3.45343908280327,1,0,
63,B4_K03_I03-06-08,Branch4,PowerREV,3,3,3/6/8,90/225/315,3,1.68454111593416,1,0,
64,B4_K03_I03-06-09,Branch4,PowerREV,3,3,3/6/9,90/225/360,3,1.68454111593416,1,0,
65,B4_K03_I03-07-08,Branch4,PowerREV,3,3,3/7/8,90/270/315,3,3.45343908280328,1,0,
66,B4_K03_I03-07-09,Branch4,PowerREV,3,3,3/7/9,90/270/360,3,2.35829447118226,1,0,
67,B4_K03_I03-08-09,Branch4,PowerREV,3,3,3/8/9,90/315/360,3,5.35734750587403,1,0,
68,B4_K03_I04-05-06,Branch4,PowerREV,3,3,4/5/6,135/180/225,3,13.2024309665538,1,0,
69,B4_K03_I04-05-07,Branch4,PowerREV,3,3,4/5/7,135/180/270,3,5.35734750587403,1,0,
70,B4_K03_I04-05-08,Branch4,PowerREV,3,3,4/5/8,135/180/315,3,3.45343908280328,1,0,
71,B4_K03_I04-05-09,Branch4,PowerREV,3,3,4/5/9,135/180/360,3,3.45343908280327,1,0,
72,B4_K03_I04-06-07,Branch4,PowerREV,3,3,4/6/7,135/225/270,3,5.35734750587403,1,0,
73,B4_K03_I04-06-08,Branch4,PowerREV,3,3,4/6/8,135/225/315,3,2.35829447118226,1,0,
74,B4_K03_I04-06-09,Branch4,PowerREV,3,3,4/6/9,135/225/360,3,1.68454111593416,1,0,
75,B4_K03_I04-07-08,Branch4,PowerREV,3,3,4/7/8,135/270/315,3,3.45343908280327,1,0,
76,B4_K03_I04-07-09,Branch4,PowerREV,3,3,4/7/9,135/270/360,3,1.68454111593416,1,0,
77,B4_K03_I04-08-09,Branch4,PowerREV,3,3,4/8/9,135/315/360,3,3.45343908280327,1,0,
78,B4_K03_I05-06-07,Branch4,PowerREV,3,3,5/6/7,180/225/270,3,13.2024309665537,1,0,
79,B4_K03_I05-06-08,Branch4,PowerREV,3,3,5/6/8,180/225/315,3,5.35734750587403,1,0,
80,B4_K03_I05-06-09,Branch4,PowerREV,3,3,5/6/9,180/225/360,3,3.45343908280328,1,0,
81,B4_K03_I05-07-08,Branch4,PowerREV,3,3,5/7/8,180/270/315,3,5.35734750587403,1,0,
82,B4_K03_I05-07-09,Branch4,PowerREV,3,3,5/7/9,180/270/360,3,2.35829447118226,1,0,
83,B4_K03_I05-08-09,Branch4,PowerREV,3,3,5/8/9,180/315/360,3,3.45343908280327,1,0,
84,B4_K03_I06-07-08,Branch4,PowerREV,3,3,6/7/8,225/270/315,3,13.2024309665538,1,0,
85,B4_K03_I06-07-09,Branch4,PowerREV,3,3,6/7/9,225/270/360,3,5.35734750587403,1,0,
86,B4_K03_I06-08-09,Branch4,PowerREV,3,3,6/8/9,225/315/360,3,5.35734750587403,1,0,
87,B4_K03_I07-08-09,Branch4,PowerREV,3,3,7/8/9,270/315/360,3,13.2024309665537,1,0,
88,B4_K04_I01-02-03-04,Branch4,PowerREV,4,4,1/2/3/4,0/45/90/135,3,5.35659130799869,1,0,
89,B4_K04_I01-02-03-05,Branch4,PowerREV,4,4,1/2/3/5,0/45/90/180,3,2.86467557480933,1,0,
90,B4_K04_I01-02-03-06,Branch4,PowerREV,4,4,1/2/3/6,0/45/90/225,3,2.03950773330883,1,0,
91,B4_K04_I01-02-03-07,Branch4,PowerREV,4,4,1/2/3/7,0/45/90/270,3,2.86467557480933,1,0,
92,B4_K04_I01-02-03-08,Branch4,PowerREV,4,4,1/2/3/8,0/45/90/315,3,5.35659130799869,1,0,
93,B4_K04_I01-02-03-09,Branch4,PowerREV,4,3,1/2/3/9,0/45/90/360,3,14.3768344528317,1,0,
94,B4_K04_I01-02-04-05,Branch4,PowerREV,4,4,1/2/4/5,0/45/135/180,3,3.20041258076506,1,0,
95,B4_K04_I01-02-04-06,Branch4,PowerREV,4,4,1/2/4/6,0/45/135/225,3,1.84282769753824,1,0,
96,B4_K04_I01-02-04-07,Branch4,PowerREV,4,4,1/2/4/7,0/45/135/270,3,1.71198246026788,1,0,
97,B4_K04_I01-02-04-08,Branch4,PowerREV,4,4,1/2/4/8,0/45/135/315,3,2.86467557480933,1,0,
98,B4_K04_I01-02-04-09,Branch4,PowerREV,4,3,1/2/4/9,0/45/135/360,3,5.87683187570298,1,0,
99,B4_K04_I01-02-05-06,Branch4,PowerREV,4,4,1/2/5/6,0/45/180/225,3,2.41421356237309,1,0,
100,B4_K04_I01-02-05-07,Branch4,PowerREV,4,4,1/2/5/7,0/45/180/270,3,1.84282769753824,1,0,
101,B4_K04_I01-02-05-08,Branch4,PowerREV,4,4,1/2/5/8,0/45/180/315,3,2.03950773330884,1,0,
102,B4_K04_I01-02-05-09,Branch4,PowerREV,4,3,1/2/5/9,0/45/180/360,3,3.49884359610929,1,0,
103,B4_K04_I01-02-06-07,Branch4,PowerREV,4,4,1/2/6/7,0/45/225/270,3,3.20041258076506,1,0,
104,B4_K04_I01-02-06-08,Branch4,PowerREV,4,4,1/2/6/8,0/45/225/315,3,2.86467557480933,1,0,
105,B4_K04_I01-02-06-09,Branch4,PowerREV,4,3,1/2/6/9,0/45/225/360,3,3.73205080756888,1,0,
106,B4_K04_I01-02-07-08,Branch4,PowerREV,4,4,1/2/7/8,0/45/270/315,3,5.35659130799869,1,0,
107,B4_K04_I01-02-07-09,Branch4,PowerREV,4,3,1/2/7/9,0/45/270/360,3,5.90198950474449,1,0,
108,B4_K04_I01-02-08-09,Branch4,PowerREV,4,3,1/2/8/9,0/45/315/360,3,13.5832340796465,1,0,
109,B4_K04_I01-03-04-05,Branch4,PowerREV,4,4,1/3/4/5,0/90/135/180,3,2.86467557480933,1,0,
110,B4_K04_I01-03-04-06,Branch4,PowerREV,4,4,1/3/4/6,0/90/135/225,3,1.71198246026788,1,0,
111,B4_K04_I01-03-04-07,Branch4,PowerREV,4,4,1/3/4/7,0/90/135/270,3,1.84282769753824,1,0,
112,B4_K04_I01-03-04-08,Branch4,PowerREV,4,4,1/3/4/8,0/90/135/315,3,3.20041258076506,1,0,
113,B4_K04_I01-03-04-09,Branch4,PowerREV,4,3,1/3/4/9,0/90/135/360,3,5.74324765659698,1,0,
114,B4_K04_I01-03-05-06,Branch4,PowerREV,4,4,1/3/5/6,0/90/180/225,3,1.84282769753824,1,0,
115,B4_K04_I01-03-05-07,Branch4,PowerREV,4,4,1/3/5/7,0/90/180/270,3,1.4142135623731,1,0,
116,B4_K04_I01-03-05-08,Branch4,PowerREV,4,4,1/3/5/8,0/90/180/315,3,1.84282769753824,1,0,
117,B4_K04_I01-03-05-09,Branch4,PowerREV,4,3,1/3/5/9,0/90/180/360,3,2.63912204644935,1,0,
118,B4_K04_I01-03-06-07,Branch4,PowerREV,4,4,1/3/6/7,0/90/225/270,3,1.84282769753824,1,0,
119,B4_K04_I01-03-06-08,Branch4,PowerREV,4,4,1/3/6/8,0/90/225/315,3,1.71198246026788,1,0,
120,B4_K04_I01-03-06-09,Branch4,PowerREV,4,3,1/3/6/9,0/90/225/360,3,1.96630756754375,1,0,
121,B4_K04_I01-03-07-08,Branch4,PowerREV,4,4,1/3/7/8,0/90/270/315,3,2.86467557480933,1,0,
122,B4_K04_I01-03-07-09,Branch4,PowerREV,4,3,1/3/7/9,0/90/270/360,3,2.6180339887499,1,0,
123,B4_K04_I01-03-08-09,Branch4,PowerREV,4,3,1/3/8/9,0/90/315/360,3,5.90198950474449,1,0,
124,B4_K04_I01-04-05-06,Branch4,PowerREV,4,4,1/4/5/6,0/135/180/225,3,2.03950773330884,1,0,
125,B4_K04_I01-04-05-07,Branch4,PowerREV,4,4,1/4/5/7,0/135/180/270,3,1.84282769753824,1,0,
126,B4_K04_I01-04-05-08,Branch4,PowerREV,4,4,1/4/5/8,0/135/180/315,3,2.41421356237309,1,0,
127,B4_K04_I01-04-05-09,Branch4,PowerREV,4,3,1/4/5/9,0/135/180/360,3,3.89212678276529,1,0,
128,B4_K04_I01-04-06-07,Branch4,PowerREV,4,4,1/4/6/7,0/135/225/270,3,1.71198246026788,1,0,
129,B4_K04_I01-04-06-08,Branch4,PowerREV,4,4,1/4/6/8,0/135/225/315,3,1.84282769753824,1,0,
130,B4_K04_I01-04-06-09,Branch4,PowerREV,4,3,1/4/6/9,0/135/225/360,3,1.78196865016586,1,0,
131,B4_K04_I01-04-07-08,Branch4,PowerREV,4,4,1/4/7/8,0/135/270/315,3,2.03950773330883,1,0,
132,B4_K04_I01-04-07-09,Branch4,PowerREV,4,3,1/4/7/9,0/135/270/360,3,1.96630756754375,1,0,
133,B4_K04_I01-04-08-09,Branch4,PowerREV,4,3,1/4/8/9,0/135/315/360,3,3.73205080756888,1,0,
134,B4_K04_I01-05-06-07,Branch4,PowerREV,4,4,1/5/6/7,0/180/225/270,3,2.86467557480933,1,0,
135,B4_K04_I01-05-06-08,Branch4,PowerREV,4,4,1/5/6/8,0/180/225/315,3,3.20041258076506,1,0,
136,B4_K04_I01-05-06-09,Branch4,PowerREV,4,3,1/5/6/9,0/180/225/360,3,3.89212678276529,1,0,
137,B4_K04_I01-05-07-08,Branch4,PowerREV,4,4,1/5/7/8,0/180/270/315,3,2.86467557480933,1,0,
138,B4_K04_I01-05-07-09,Branch4,PowerREV,4,3,1/5/7/9,0/180/270/360,3,2.63912204644935,1,0,
139,B4_K04_I01-05-08-09,Branch4,PowerREV,4,3,1/5/8/9,0/180/315/360,3,3.49884359610929,1,0,
140,B4_K04_I01-06-07-08,Branch4,PowerREV,4,4,1/6/7/8,0/225/270/315,3,5.35659130799869,1,0,
141,B4_K04_I01-06-07-09,Branch4,PowerREV,4,3,1/6/7/9,0/225/270/360,3,5.74324765659698,1,0,
142,B4_K04_I01-06-08-09,Branch4,PowerREV,4,3,1/6/8/9,0/225/315/360,3,5.87683187570298,1,0,
143,B4_K04_I01-07-08-09,Branch4,PowerREV,4,3,1/7/8/9,0/270/315/360,3,14.3768344528317,1,0,
144,B4_K04_I02-03-04-05,Branch4,PowerREV,4,4,2/3/4/5,45/90/135/180,3,5.35659130799869,1,0,
145,B4_K04_I02-03-04-06,Branch4,PowerREV,4,4,2/3/4/6,45/90/135/225,3,2.86467557480933,1,0,
146,B4_K04_I02-03-04-07,Branch4,PowerREV,4,4,2/3/4/7,45/90/135/270,3,2.03950773330883,1,0,
147,B4_K04_I02-03-04-08,Branch4,PowerREV,4,4,2/3/4/8,45/90/135/315,3,2.86467557480933,1,0,
148,B4_K04_I02-03-04-09,Branch4,PowerREV,4,4,2/3/4/9,45/90/135/360,3,5.35659130799869,1,0,
149,B4_K04_I02-03-05-06,Branch4,PowerREV,4,4,2/3/5/6,45/90/180/225,3,3.20041258076506,1,0,
150,B4_K04_I02-03-05-07,Branch4,PowerREV,4,4,2/3/5/7,45/90/180/270,3,1.84282769753824,1,0,
151,B4_K04_I02-03-05-08,Branch4,PowerREV,4,4,2/3/5/8,45/90/180/315,3,1.71198246026788,1,0,
152,B4_K04_I02-03-05-09,Branch4,PowerREV,4,4,2/3/5/9,45/90/180/360,3,2.86467557480933,1,0,
153,B4_K04_I02-03-06-07,Branch4,PowerREV,4,4,2/3/6/7,45/90/225/270,3,2.41421356237309,1,0,
154,B4_K04_I02-03-06-08,Branch4,PowerREV,4,4,2/3/6/8,45/90/225/315,3,1.84282769753824,1,0,
155,B4_K04_I02-03-06-09,Branch4,PowerREV,4,4,2/3/6/9,45/90/225/360,3,2.03950773330884,1,0,
156,B4_K04_I02-03-07-08,Branch4,PowerREV,4,4,2/3/7/8,45/90/270/315,3,3.20041258076506,1,0,
157,B4_K04_I02-03-07-09,Branch4,PowerREV,4,4,2/3/7/9,45/90/270/360,3,2.86467557480933,1,0,
158,B4_K04_I02-03-08-09,Branch4,PowerREV,4,4,2/3/8/9,45/90/315/360,3,5.35659130799869,1,0,
159,B4_K04_I02-04-05-06,Branch4,PowerREV,4,4,2/4/5/6,45/135/180/225,3,2.86467557480933,1,0,
160,B4_K04_I02-04-05-07,Branch4,PowerREV,4,4,2/4/5/7,45/135/180/270,3,1.71198246026788,1,0,
161,B4_K04_I02-04-05-08,Branch4,PowerREV,4,4,2/4/5/8,45/135/180/315,3,1.84282769753824,1,0,
162,B4_K04_I02-04-05-09,Branch4,PowerREV,4,4,2/4/5/9,45/135/180/360,3,3.20041258076506,1,0,
163,B4_K04_I02-04-06-07,Branch4,PowerREV,4,4,2/4/6/7,45/135/225/270,3,1.84282769753824,1,0,
164,B4_K04_I02-04-06-08,Branch4,PowerREV,4,4,2/4/6/8,45/135/225/315,3,1.4142135623731,1,0,
165,B4_K04_I02-04-06-09,Branch4,PowerREV,4,4,2/4/6/9,45/135/225/360,3,1.84282769753824,1,0,
166,B4_K04_I02-04-07-08,Branch4,PowerREV,4,4,2/4/7/8,45/135/270/315,3,1.84282769753824,1,0,
167,B4_K04_I02-04-07-09,Branch4,PowerREV,4,4,2/4/7/9,45/135/270/360,3,1.71198246026788,1,0,
168,B4_K04_I02-04-08-09,Branch4,PowerREV,4,4,2/4/8/9,45/135/315/360,3,2.86467557480933,1,0,
169,B4_K04_I02-05-06-07,Branch4,PowerREV,4,4,2/5/6/7,45/180/225/270,3,2.03950773330884,1,0,
170,B4_K04_I02-05-06-08,Branch4,PowerREV,4,4,2/5/6/8,45/180/225/315,3,1.84282769753824,1,0,
171,B4_K04_I02-05-06-09,Branch4,PowerREV,4,4,2/5/6/9,45/180/225/360,3,2.4142135623731,1,0,
172,B4_K04_I02-05-07-08,Branch4,PowerREV,4,4,2/5/7/8,45/180/270/315,3,1.71198246026788,1,0,
173,B4_K04_I02-05-07-09,Branch4,PowerREV,4,4,2/5/7/9,45/180/270/360,3,1.84282769753824,1,0,
174,B4_K04_I02-05-08-09,Branch4,PowerREV,4,4,2/5/8/9,45/180/315/360,3,2.03950773330883,1,0,
175,B4_K04_I02-06-07-08,Branch4,PowerREV,4,4,2/6/7/8,45/225/270/315,3,2.86467557480933,1,0,
176,B4_K04_I02-06-07-09,Branch4,PowerREV,4,4,2/6/7/9,45/225/270/360,3,3.20041258076506,1,0,
177,B4_K04_I02-06-08-09,Branch4,PowerREV,4,4,2/6/8/9,45/225/315/360,3,2.86467557480933,1,0,
178,B4_K04_I02-07-08-09,Branch4,PowerREV,4,4,2/7/8/9,45/270/315/360,3,5.35659130799869,1,0,
179,B4_K04_I03-04-05-06,Branch4,PowerREV,4,4,3/4/5/6,90/135/180/225,3,5.35659130799869,1,0,
180,B4_K04_I03-04-05-07,Branch4,PowerREV,4,4,3/4/5/7,90/135/180/270,3,2.86467557480933,1,0,
181,B4_K04_I03-04-05-08,Branch4,PowerREV,4,4,3/4/5/8,90/135/180/315,3,2.03950773330883,1,0,
182,B4_K04_I03-04-05-09,Branch4,PowerREV,4,4,3/4/5/9,90/135/180/360,3,2.86467557480933,1,0,
183,B4_K04_I03-04-06-07,Branch4,PowerREV,4,4,3/4/6/7,90/135/225/270,3,3.20041258076506,1,0,
184,B4_K04_I03-04-06-08,Branch4,PowerREV,4,4,3/4/6/8,90/135/225/315,3,1.84282769753824,1,0,
185,B4_K04_I03-04-06-09,Branch4,PowerREV,4,4,3/4/6/9,90/135/225/360,3,1.71198246026788,1,0,
186,B4_K04_I03-04-07-08,Branch4,PowerREV,4,4,3/4/7/8,90/135/270/315,3,2.41421356237309,1,0,
187,B4_K04_I03-04-07-09,Branch4,PowerREV,4,4,3/4/7/9,90/135/270/360,3,1.84282769753824,1,0,
188,B4_K04_I03-04-08-09,Branch4,PowerREV,4,4,3/4/8/9,90/135/315/360,3,3.20041258076506,1,0,
189,B4_K04_I03-05-06-07,Branch4,PowerREV,4,4,3/5/6/7,90/180/225/270,3,2.86467557480933,1,0,
190,B4_K04_I03-05-06-08,Branch4,PowerREV,4,4,3/5/6/8,90/180/225/315,3,1.71198246026788,1,0,
191,B4_K04_I03-05-06-09,Branch4,PowerREV,4,4,3/5/6/9,90/180/225/360,3,1.84282769753824,1,0,
192,B4_K04_I03-05-07-08,Branch4,PowerREV,4,4,3/5/7/8,90/180/270/315,3,1.84282769753824,1,0,
193,B4_K04_I03-05-07-09,Branch4,PowerREV,4,4,3/5/7/9,90/180/270/360,3,1.4142135623731,1,0,
194,B4_K04_I03-05-08-09,Branch4,PowerREV,4,4,3/5/8/9,90/180/315/360,3,1.84282769753824,1,0,
195,B4_K04_I03-06-07-08,Branch4,PowerREV,4,4,3/6/7/8,90/225/270/315,3,2.03950773330884,1,0,
196,B4_K04_I03-06-07-09,Branch4,PowerREV,4,4,3/6/7/9,90/225/270/360,3,1.84282769753824,1,0,
197,B4_K04_I03-06-08-09,Branch4,PowerREV,4,4,3/6/8/9,90/225/315/360,3,1.71198246026788,1,0,
198,B4_K04_I03-07-08-09,Branch4,PowerREV,4,4,3/7/8/9,90/270/315/360,3,2.86467557480933,1,0,
199,B4_K04_I04-05-06-07,Branch4,PowerREV,4,4,4/5/6/7,135/180/225/270,3,5.35659130799869,1,0,
200,B4_K04_I04-05-06-08,Branch4,PowerREV,4,4,4/5/6/8,135/180/225/315,3,2.86467557480933,1,0,
201,B4_K04_I04-05-06-09,Branch4,PowerREV,4,4,4/5/6/9,135/180/225/360,3,2.03950773330883,1,0,
202,B4_K04_I04-05-07-08,Branch4,PowerREV,4,4,4/5/7/8,135/180/270/315,3,3.20041258076506,1,0,
203,B4_K04_I04-05-07-09,Branch4,PowerREV,4,4,4/5/7/9,135/180/270/360,3,1.84282769753824,1,0,
204,B4_K04_I04-05-08-09,Branch4,PowerREV,4,4,4/5/8/9,135/180/315/360,3,2.41421356237309,1,0,
205,B4_K04_I04-06-07-08,Branch4,PowerREV,4,4,4/6/7/8,135/225/270/315,3,2.86467557480933,1,0,
206,B4_K04_I04-06-07-09,Branch4,PowerREV,4,4,4/6/7/9,135/225/270/360,3,1.71198246026788,1,0,
207,B4_K04_I04-06-08-09,Branch4,PowerREV,4,4,4/6/8/9,135/225/315/360,3,1.84282769753824,1,0,
208,B4_K04_I04-07-08-09,Branch4,PowerREV,4,4,4/7/8/9,135/270/315/360,3,2.03950773330884,1,0,
209,B4_K04_I05-06-07-08,Branch4,PowerREV,4,4,5/6/7/8,180/225/270/315,3,5.35659130799869,1,0,
210,B4_K04_I05-06-07-09,Branch4,PowerREV,4,4,5/6/7/9,180/225/270/360,3,2.86467557480933,1,0,
211,B4_K04_I05-06-08-09,Branch4,PowerREV,4,4,5/6/8/9,180/225/315/360,3,3.20041258076506,1,0,
212,B4_K04_I05-07-08-09,Branch4,PowerREV,4,4,5/7/8/9,180/270/315/360,3,2.86467557480933,1,0,
213,B4_K04_I06-07-08-09,Branch4,PowerREV,4,4,6/7/8/9,225/270/315/360,3,5.35659130799869,1,0,
214,B4_K05_I01-02-03-04-05,Branch4,PowerREV,5,5,1/2/3/4/5,0/45/90/135/180,3,2.88280681689163,1,0,
215,B4_K05_I01-02-03-04-06,Branch4,PowerREV,5,5,1/2/3/4/6,0/45/90/135/225,3,2.00879722341795,1,0,
216,B4_K05_I01-02-03-04-07,Branch4,PowerREV,5,5,1/2/3/4/7,0/45/90/135/270,3,2.00879722341795,1,0,
217,B4_K05_I01-02-03-04-08,Branch4,PowerREV,5,5,1/2/3/4/8,0/45/90/135/315,3,2.88280681689164,1,0,
218,B4_K05_I01-02-03-04-09,Branch4,PowerREV,5,4,1/2/3/4/9,0/45/90/135/360,3,5.40710480883444,1,0,
219,B4_K05_I01-02-03-05-06,Branch4,PowerREV,5,5,1/2/3/5/6,0/45/90/180/225,3,2.04661993273673,1,0,
220,B4_K05_I01-02-03-05-07,Branch4,PowerREV,5,5,1/2/3/5/7,0/45/90/180/270,3,1.67454253273489,1,0,
221,B4_K05_I01-02-03-05-08,Branch4,PowerREV,5,5,1/2/3/5/8,0/45/90/180/315,3,2.00879722341795,1,0,
222,B4_K05_I01-02-03-05-09,Branch4,PowerREV,5,4,1/2/3/5/9,0/45/90/180/360,3,2.91812140144589,1,0,
223,B4_K05_I01-02-03-06-07,Branch4,PowerREV,5,5,1/2/3/6/7,0/45/90/225/270,3,2.04661993273673,1,0,
224,B4_K05_I01-02-03-06-08,Branch4,PowerREV,5,5,1/2/3/6/8,0/45/90/225/315,3,2.00879722341795,1,0,
225,B4_K05_I01-02-03-06-09,Branch4,PowerREV,5,4,1/2/3/6/9,0/45/90/225/360,3,2.26148950771424,1,0,
226,B4_K05_I01-02-03-07-08,Branch4,PowerREV,5,5,1/2/3/7/8,0/45/90/270/315,3,2.88280681689164,1,0,
227,B4_K05_I01-02-03-07-09,Branch4,PowerREV,5,4,1/2/3/7/9,0/45/90/270/360,3,3.0978718078797,1,0,
228,B4_K05_I01-02-03-08-09,Branch4,PowerREV,5,4,1/2/3/8/9,0/45/90/315/360,3,6.10061587650785,1,0,
229,B4_K05_I01-02-04-05-06,Branch4,PowerREV,5,5,1/2/4/5/6,0/45/135/180/225,3,2.04661993273673,1,0,
230,B4_K05_I01-02-04-05-07,Branch4,PowerREV,5,5,1/2/4/5/7,0/45/135/180/270,3,1.58337710684671,1,0,
231,B4_K05_I01-02-04-05-08,Branch4,PowerREV,5,5,1/2/4/5/8,0/45/135/180/315,3,2.04661993273673,1,0,
232,B4_K05_I01-02-04-05-09,Branch4,PowerREV,5,4,1/2/4/5/9,0/45/135/180/360,3,3.29235209211684,1,0,
233,B4_K05_I01-02-04-06-07,Branch4,PowerREV,5,5,1/2/4/6/7,0/45/135/225/270,3,1.58337710684671,1,0,
234,B4_K05_I01-02-04-06-08,Branch4,PowerREV,5,5,1/2/4/6/8,0/45/135/225/315,3,1.67454253273489,1,0,
235,B4_K05_I01-02-04-06-09,Branch4,PowerREV,5,4,1/2/4/6/9,0/45/135/225/360,3,1.98611700740176,1,0,
236,B4_K05_I01-02-04-07-08,Branch4,PowerREV,5,5,1/2/4/7/8,0/45/135/270/315,3,2.00879722341795,1,0,
237,B4_K05_I01-02-04-07-09,Branch4,PowerREV,5,4,1/2/4/7/9,0/45/135/270/360,3,2.12314043986554,1,0,
238,B4_K05_I01-02-04-08-09,Branch4,PowerREV,5,4,1/2/4/8/9,0/45/135/315/360,3,3.40021262929217,1,0,
239,B4_K05_I01-02-05-06-07,Branch4,PowerREV,5,5,1/2/5/6/7,0/45/180/225/270,3,2.04661993273673,1,0,
240,B4_K05_I01-02-05-06-08,Branch4,PowerREV,5,5,1/2/5/6/8,0/45/180/225/315,3,2.04661993273672,1,0,
241,B4_K05_I01-02-05-06-09,Branch4,PowerREV,5,4,1/2/5/6/9,0/45/180/225/360,3,2.57971353872077,1,0,
242,B4_K05_I01-02-05-07-08,Branch4,PowerREV,5,5,1/2/5/7/8,0/45/180/270/315,3,2.00879722341795,1,0,
243,B4_K05_I01-02-05-07-09,Branch4,PowerREV,5,4,1/2/5/7/9,0/45/180/270/360,3,2.17215895712461,1,0,
244,B4_K05_I01-02-05-08-09,Branch4,PowerREV,5,4,1/2/5/8/9,0/45/180/315/360,3,2.36666919133495,1,0,
245,B4_K05_I01-02-06-07-08,Branch4,PowerREV,5,5,1/2/6/7/8,0/45/225/270/315,3,2.88280681689164,1,0,
246,B4_K05_I01-02-06-07-09,Branch4,PowerREV,5,4,1/2/6/7/9,0/45/225/270/360,3,3.51709189816039,1,0,
247,B4_K05_I01-02-06-08-09,Branch4,PowerREV,5,4,1/2/6/8/9,0/45/225/315/360,3,3.40021262929217,1,0,
248,B4_K05_I01-02-07-08-09,Branch4,PowerREV,5,4,1/2/7/8/9,0/45/270/315/360,3,6.10061587650785,1,0,
249,B4_K05_I01-03-04-05-06,Branch4,PowerREV,5,5,1/3/4/5/6,0/90/135/180/225,3,2.00879722341795,1,0,
250,B4_K05_I01-03-04-05-07,Branch4,PowerREV,5,5,1/3/4/5/7,0/90/135/180/270,3,1.67454253273489,1,0,
251,B4_K05_I01-03-04-05-08,Branch4,PowerREV,5,5,1/3/4/5/8,0/90/135/180/315,3,2.04661993273673,1,0,
252,B4_K05_I01-03-04-05-09,Branch4,PowerREV,5,4,1/3/4/5/9,0/90/135/180/360,3,2.84043208893468,1,0,
253,B4_K05_I01-03-04-06-07,Branch4,PowerREV,5,5,1/3/4/6/7,0/90/135/225/270,3,1.58337710684671,1,0,
254,B4_K05_I01-03-04-06-08,Branch4,PowerREV,5,5,1/3/4/6/8,0/90/135/225/315,3,1.58337710684671,1,0,
255,B4_K05_I01-03-04-06-09,Branch4,PowerREV,5,4,1/3/4/6/9,0/90/135/225/360,3,1.7782356499392,1,0,
256,B4_K05_I01-03-04-07-08,Branch4,PowerREV,5,5,1/3/4/7/8,0/90/135/270/315,3,2.04661993273673,1,0,
257,B4_K05_I01-03-04-07-09,Branch4,PowerREV,5,4,1/3/4/7/9,0/90/135/270/360,3,1.93484743746429,1,0,
258,B4_K05_I01-03-04-08-09,Branch4,PowerREV,5,4,1/3/4/8/9,0/90/135/315/360,3,3.51709189816039,1,0,
259,B4_K05_I01-03-05-06-07,Branch4,PowerREV,5,5,1/3/5/6/7,0/90/180/225/270,3,1.67454253273489,1,0,
260,B4_K05_I01-03-05-06-08,Branch4,PowerREV,5,5,1/3/5/6/8,0/90/180/225/315,3,1.58337710684671,1,0,
261,B4_K05_I01-03-05-06-09,Branch4,PowerREV,5,4,1/3/5/6/9,0/90/180/225/360,3,1.75501763786498,1,0,
262,B4_K05_I01-03-05-07-08,Branch4,PowerREV,5,5,1/3/5/7/8,0/90/180/270/315,3,1.67454253273489,1,0,
263,B4_K05_I01-03-05-07-09,Branch4,PowerREV,5,4,1/3/5/7/9,0/90/180/270/360,3,1.67454253273489,1,0,
264,B4_K05_I01-03-05-08-09,Branch4,PowerREV,5,4,1/3/5/8/9,0/90/180/315/360,3,2.17215895712461,1,0,
265,B4_K05_I01-03-06-07-08,Branch4,PowerREV,5,5,1/3/6/7/8,0/90/225/270/315,3,2.00879722341795,1,0,
266,B4_K05_I01-03-06-07-09,Branch4,PowerREV,5,4,1/3/6/7/9,0/90/225/270/360,3,1.93484743746429,1,0,
267,B4_K05_I01-03-06-08-09,Branch4,PowerREV,5,4,1/3/6/8/9,0/90/225/315/360,3,2.12314043986553,1,0,
268,B4_K05_I01-03-07-08-09,Branch4,PowerREV,5,4,1/3/7/8/9,0/90/270/315/360,3,3.0978718078797,1,0,
269,B4_K05_I01-04-05-06-07,Branch4,PowerREV,5,5,1/4/5/6/7,0/135/180/225/270,3,2.00879722341795,1,0,
270,B4_K05_I01-04-05-06-08,Branch4,PowerREV,5,5,1/4/5/6/8,0/135/180/225/315,3,2.04661993273673,1,0,
271,B4_K05_I01-04-05-06-09,Branch4,PowerREV,5,4,1/4/5/6/9,0/135/180/225/360,3,2.00387376275808,1,0,
272,B4_K05_I01-04-05-07-08,Branch4,PowerREV,5,5,1/4/5/7/8,0/135/180/270/315,3,2.04661993273673,1,0,
273,B4_K05_I01-04-05-07-09,Branch4,PowerREV,5,4,1/4/5/7/9,0/135/180/270/360,3,1.75501763786498,1,0,
274,B4_K05_I01-04-05-08-09,Branch4,PowerREV,5,4,1/4/5/8/9,0/135/180/315/360,3,2.57971353872077,1,0,
275,B4_K05_I01-04-06-07-08,Branch4,PowerREV,5,5,1/4/6/7/8,0/135/225/270/315,3,2.00879722341795,1,0,
276,B4_K05_I01-04-06-07-09,Branch4,PowerREV,5,4,1/4/6/7/9,0/135/225/270/360,3,1.7782356499392,1,0,
277,B4_K05_I01-04-06-08-09,Branch4,PowerREV,5,4,1/4/6/8/9,0/135/225/315/360,3,1.98611700740176,1,0,
278,B4_K05_I01-04-07-08-09,Branch4,PowerREV,5,4,1/4/7/8/9,0/135/270/315/360,3,2.26148950771424,1,0,
279,B4_K05_I01-05-06-07-08,Branch4,PowerREV,5,5,1/5/6/7/8,0/180/225/270/315,3,2.88280681689163,1,0,
280,B4_K05_I01-05-06-07-09,Branch4,PowerREV,5,4,1/5/6/7/9,0/180/225/270/360,3,2.84043208893468,1,0,
281,B4_K05_I01-05-06-08-09,Branch4,PowerREV,5,4,1/5/6/8/9,0/180/225/315/360,3,3.29235209211684,1,0,
282,B4_K05_I01-05-07-08-09,Branch4,PowerREV,5,4,1/5/7/8/9,0/180/270/315/360,3,2.91812140144589,1,0,
283,B4_K05_I01-06-07-08-09,Branch4,PowerREV,5,4,1/6/7/8/9,0/225/270/315/360,3,5.40710480883445,1,0,
284,B4_K05_I02-03-04-05-06,Branch4,PowerREV,5,5,2/3/4/5/6,45/90/135/180/225,3,2.88280681689164,1,0,
285,B4_K05_I02-03-04-05-07,Branch4,PowerREV,5,5,2/3/4/5/7,45/90/135/180/270,3,2.00879722341795,1,0,
286,B4_K05_I02-03-04-05-08,Branch4,PowerREV,5,5,2/3/4/5/8,45/90/135/180/315,3,2.00879722341795,1,0,
287,B4_K05_I02-03-04-05-09,Branch4,PowerREV,5,5,2/3/4/5/9,45/90/135/180/360,3,2.88280681689164,1,0,
288,B4_K05_I02-03-04-06-07,Branch4,PowerREV,5,5,2/3/4/6/7,45/90/135/225/270,3,2.04661993273673,1,0,
289,B4_K05_I02-03-04-06-08,Branch4,PowerREV,5,5,2/3/4/6/8,45/90/135/225/315,3,1.67454253273489,1,0,
290,B4_K05_I02-03-04-06-09,Branch4,PowerREV,5,5,2/3/4/6/9,45/90/135/225/360,3,2.00879722341795,1,0,
291,B4_K05_I02-03-04-07-08,Branch4,PowerREV,5,5,2/3/4/7/8,45/90/135/270/315,3,2.04661993273673,1,0,
292,B4_K05_I02-03-04-07-09,Branch4,PowerREV,5,5,2/3/4/7/9,45/90/135/270/360,3,2.00879722341795,1,0,
293,B4_K05_I02-03-04-08-09,Branch4,PowerREV,5,5,2/3/4/8/9,45/90/135/315/360,3,2.88280681689163,1,0,
294,B4_K05_I02-03-05-06-07,Branch4,PowerREV,5,5,2/3/5/6/7,45/90/180/225/270,3,2.04661993273673,1,0,
295,B4_K05_I02-03-05-06-08,Branch4,PowerREV,5,5,2/3/5/6/8,45/90/180/225/315,3,1.58337710684671,1,0,
296,B4_K05_I02-03-05-06-09,Branch4,PowerREV,5,5,2/3/5/6/9,45/90/180/225/360,3,2.04661993273673,1,0,
297,B4_K05_I02-03-05-07-08,Branch4,PowerREV,5,5,2/3/5/7/8,45/90/180/270/315,3,1.58337710684671,1,0,
298,B4_K05_I02-03-05-07-09,Branch4,PowerREV,5,5,2/3/5/7/9,45/90/180/270/360,3,1.67454253273489,1,0,
299,B4_K05_I02-03-05-08-09,Branch4,PowerREV,5,5,2/3/5/8/9,45/90/180/315/360,3,2.00879722341795,1,0,
300,B4_K05_I02-03-06-07-08,Branch4,PowerREV,5,5,2/3/6/7/8,45/90/225/270/315,3,2.04661993273673,1,0,
301,B4_K05_I02-03-06-07-09,Branch4,PowerREV,5,5,2/3/6/7/9,45/90/225/270/360,3,2.04661993273673,1,0,
302,B4_K05_I02-03-06-08-09,Branch4,PowerREV,5,5,2/3/6/8/9,45/90/225/315/360,3,2.00879722341795,1,0,
303,B4_K05_I02-03-07-08-09,Branch4,PowerREV,5,5,2/3/7/8/9,45/90/270/315/360,3,2.88280681689163,1,0,
304,B4_K05_I02-04-05-06-07,Branch4,PowerREV,5,5,2/4/5/6/7,45/135/180/225/270,3,2.00879722341795,1,0,
305,B4_K05_I02-04-05-06-08,Branch4,PowerREV,5,5,2/4/5/6/8,45/135/180/225/315,3,1.67454253273489,1,0,
306,B4_K05_I02-04-05-06-09,Branch4,PowerREV,5,5,2/4/5/6/9,45/135/180/225/360,3,2.04661993273673,1,0,
307,B4_K05_I02-04-05-07-08,Branch4,PowerREV,5,5,2/4/5/7/8,45/135/180/270/315,3,1.58337710684671,1,0,
308,B4_K05_I02-04-05-07-09,Branch4,PowerREV,5,5,2/4/5/7/9,45/135/180/270/360,3,1.58337710684671,1,0,
309,B4_K05_I02-04-05-08-09,Branch4,PowerREV,5,5,2/4/5/8/9,45/135/180/315/360,3,2.04661993273673,1,0,
310,B4_K05_I02-04-06-07-08,Branch4,PowerREV,5,5,2/4/6/7/8,45/135/225/270/315,3,1.67454253273489,1,0,
311,B4_K05_I02-04-06-07-09,Branch4,PowerREV,5,5,2/4/6/7/9,45/135/225/270/360,3,1.58337710684671,1,0,
312,B4_K05_I02-04-06-08-09,Branch4,PowerREV,5,5,2/4/6/8/9,45/135/225/315/360,3,1.67454253273489,1,0,
313,B4_K05_I02-04-07-08-09,Branch4,PowerREV,5,5,2/4/7/8/9,45/135/270/315/360,3,2.00879722341795,1,0,
314,B4_K05_I02-05-06-07-08,Branch4,PowerREV,5,5,2/5/6/7/8,45/180/225/270/315,3,2.00879722341795,1,0,
315,B4_K05_I02-05-06-07-09,Branch4,PowerREV,5,5,2/5/6/7/9,45/180/225/270/360,3,2.04661993273673,1,0,
316,B4_K05_I02-05-06-08-09,Branch4,PowerREV,5,5,2/5/6/8/9,45/180/225/315/360,3,2.04661993273673,1,0,
317,B4_K05_I02-05-07-08-09,Branch4,PowerREV,5,5,2/5/7/8/9,45/180/270/315/360,3,2.00879722341795,1,0,
318,B4_K05_I02-06-07-08-09,Branch4,PowerREV,5,5,2/6/7/8/9,45/225/270/315/360,3,2.88280681689163,1,0,
319,B4_K05_I03-04-05-06-07,Branch4,PowerREV,5,5,3/4/5/6/7,90/135/180/225/270,3,2.88280681689163,1,0,
320,B4_K05_I03-04-05-06-08,Branch4,PowerREV,5,5,3/4/5/6/8,90/135/180/225/315,3,2.00879722341795,1,0,
321,B4_K05_I03-04-05-06-09,Branch4,PowerREV,5,5,3/4/5/6/9,90/135/180/225/360,3,2.00879722341795,1,0,
322,B4_K05_I03-04-05-07-08,Branch4,PowerREV,5,5,3/4/5/7/8,90/135/180/270/315,3,2.04661993273673,1,0,
323,B4_K05_I03-04-05-07-09,Branch4,PowerREV,5,5,3/4/5/7/9,90/135/180/270/360,3,1.67454253273489,1,0,
324,B4_K05_I03-04-05-08-09,Branch4,PowerREV,5,5,3/4/5/8/9,90/135/180/315/360,3,2.04661993273673,1,0,
325,B4_K05_I03-04-06-07-08,Branch4,PowerREV,5,5,3/4/6/7/8,90/135/225/270/315,3,2.04661993273673,1,0,
326,B4_K05_I03-04-06-07-09,Branch4,PowerREV,5,5,3/4/6/7/9,90/135/225/270/360,3,1.58337710684671,1,0,
327,B4_K05_I03-04-06-08-09,Branch4,PowerREV,5,5,3/4/6/8/9,90/135/225/315/360,3,1.58337710684671,1,0,
328,B4_K05_I03-04-07-08-09,Branch4,PowerREV,5,5,3/4/7/8/9,90/135/270/315/360,3,2.04661993273673,1,0,
329,B4_K05_I03-05-06-07-08,Branch4,PowerREV,5,5,3/5/6/7/8,90/180/225/270/315,3,2.00879722341795,1,0,
330,B4_K05_I03-05-06-07-09,Branch4,PowerREV,5,5,3/5/6/7/9,90/180/225/270/360,3,1.67454253273489,1,0,
331,B4_K05_I03-05-06-08-09,Branch4,PowerREV,5,5,3/5/6/8/9,90/180/225/315/360,3,1.58337710684671,1,0,
332,B4_K05_I03-05-07-08-09,Branch4,PowerREV,5,5,3/5/7/8/9,90/180/270/315/360,3,1.67454253273489,1,0,
333,B4_K05_I03-06-07-08-09,Branch4,PowerREV,5,5,3/6/7/8/9,90/225/270/315/360,3,2.00879722341795,1,0,
334,B4_K05_I04-05-06-07-08,Branch4,PowerREV,5,5,4/5/6/7/8,135/180/225/270/315,3,2.88280681689163,1,0,
335,B4_K05_I04-05-06-07-09,Branch4,PowerREV,5,5,4/5/6/7/9,135/180/225/270/360,3,2.00879722341795,1,0,
336,B4_K05_I04-05-06-08-09,Branch4,PowerREV,5,5,4/5/6/8/9,135/180/225/315/360,3,2.04661993273673,1,0,
337,B4_K05_I04-05-07-08-09,Branch4,PowerREV,5,5,4/5/7/8/9,135/180/270/315/360,3,2.04661993273672,1,0,
338,B4_K05_I04-06-07-08-09,Branch4,PowerREV,5,5,4/6/7/8/9,135/225/270/315/360,3,2.00879722341795,1,0,
339,B4_K05_I05-06-07-08-09,Branch4,PowerREV,5,5,5/6/7/8/9,180/225/270/315/360,3,2.88280681689163,1,0,
340,B4_K06_I01-02-03-04-05-06,Branch4,PowerREV,6,6,1/2/3/4/5/6,0/45/90/135/180/225,3,2.03964463712676,1,0,
341,B4_K06_I01-02-03-04-05-07,Branch4,PowerREV,6,6,1/2/3/4/5/7,0/45/90/135/180/270,3,1.64038820320221,1,0,
342,B4_K06_I01-02-03-04-05-08,Branch4,PowerREV,6,6,1/2/3/4/5/8,0/45/90/135/180/315,3,2.03964463712676,1,0,
343,B4_K06_I01-02-03-04-05-09,Branch4,PowerREV,6,5,1/2/3/4/5/9,0/45/90/135/180/360,3,2.95082909282659,1,0,
344,B4_K06_I01-02-03-04-06-07,Branch4,PowerREV,6,6,1/2/3/4/6/7,0/45/90/135/225/270,3,1.62089605899677,1,0,
345,B4_K06_I01-02-03-04-06-08,Branch4,PowerREV,6,6,1/2/3/4/6/8,0/45/90/135/225/315,3,1.64038820320221,1,0,
346,B4_K06_I01-02-03-04-06-09,Branch4,PowerREV,6,5,1/2/3/4/6/9,0/45/90/135/225/360,3,2.04932849753856,1,0,
347,B4_K06_I01-02-03-04-07-08,Branch4,PowerREV,6,6,1/2/3/4/7/8,0/45/90/135/270/315,3,2.03964463712676,1,0,
348,B4_K06_I01-02-03-04-07-09,Branch4,PowerREV,6,5,1/2/3/4/7/9,0/45/90/135/270/360,3,2.12819430326551,1,0,
349,B4_K06_I01-02-03-04-08-09,Branch4,PowerREV,6,5,1/2/3/4/8/9,0/45/90/135/315/360,3,3.40425677542816,1,0,
350,B4_K06_I01-02-03-05-06-07,Branch4,PowerREV,6,6,1/2/3/5/6/7,0/45/90/180/225/270,3,1.63299316185545,1,0,
351,B4_K06_I01-02-03-05-06-08,Branch4,PowerREV,6,6,1/2/3/5/6/8,0/45/90/180/225/315,3,1.62089605899677,1,0,
352,B4_K06_I01-02-03-05-06-09,Branch4,PowerREV,6,5,1/2/3/5/6/9,0/45/90/180/225/360,3,1.96051469591397,1,0,
353,B4_K06_I01-02-03-05-07-08,Branch4,PowerREV,6,6,1/2/3/5/7/8,0/45/90/180/270/315,3,1.64038820320221,1,0,
354,B4_K06_I01-02-03-05-07-09,Branch4,PowerREV,6,5,1/2/3/5/7/9,0/45/90/180/270/360,3,1.86338873475906,1,0,
355,B4_K06_I01-02-03-05-08-09,Branch4,PowerREV,6,5,1/2/3/5/8/9,0/45/90/180/315/360,3,2.3325175661839,1,0,
356,B4_K06_I01-02-03-06-07-08,Branch4,PowerREV,6,6,1/2/3/6/7/8,0/45/90/225/270/315,3,2.03964463712676,1,0,
357,B4_K06_I01-02-03-06-07-09,Branch4,PowerREV,6,5,1/2/3/6/7/9,0/45/90/225/270/360,3,2.17389700605903,1,0,
358,B4_K06_I01-02-03-06-08-09,Branch4,PowerREV,6,5,1/2/3/6/8/9,0/45/90/225/315/360,3,2.30897607341567,1,0,
359,B4_K06_I01-02-03-07-08-09,Branch4,PowerREV,6,5,1/2/3/7/8/9,0/45/90/270/315/360,3,3.2674181521707,1,0,
360,B4_K06_I01-02-04-05-06-07,Branch4,PowerREV,6,6,1/2/4/5/6/7,0/45/135/180/225/270,3,1.62089605899677,1,0,
361,B4_K06_I01-02-04-05-06-08,Branch4,PowerREV,6,6,1/2/4/5/6/8,0/45/135/180/225/315,3,1.63299316185545,1,0,
362,B4_K06_I01-02-04-05-06-09,Branch4,PowerREV,6,5,1/2/4/5/6/9,0/45/135/180/225/360,3,2.01978604082007,1,0,
363,B4_K06_I01-02-04-05-07-08,Branch4,PowerREV,6,6,1/2/4/5/7/8,0/45/135/180/270/315,3,1.62089605899677,1,0,
364,B4_K06_I01-02-04-05-07-09,Branch4,PowerREV,6,5,1/2/4/5/7/9,0/45/135/180/270/360,3,1.74797652248497,1,0,
365,B4_K06_I01-02-04-05-08-09,Branch4,PowerREV,6,5,1/2/4/5/8/9,0/45/135/180/315/360,3,2.31838299863611,1,0,
366,B4_K06_I01-02-04-06-07-08,Branch4,PowerREV,6,6,1/2/4/6/7/8,0/45/135/225/270/315,3,1.64038820320221,1,0,
367,B4_K06_I01-02-04-06-07-09,Branch4,PowerREV,6,5,1/2/4/6/7/9,0/45/135/225/270/360,3,1.75792179601342,1,0,
368,B4_K06_I01-02-04-06-08-09,Branch4,PowerREV,6,5,1/2/4/6/8/9,0/45/135/225/315/360,3,1.9457284407887,1,0,
369,B4_K06_I01-02-04-07-08-09,Branch4,PowerREV,6,5,1/2/4/7/8/9,0/45/135/270/315/360,3,2.30897607341567,1,0,
370,B4_K06_I01-02-05-06-07-08,Branch4,PowerREV,6,6,1/2/5/6/7/8,0/45/180/225/270/315,3,2.03964463712676,1,0,
371,B4_K06_I01-02-05-06-07-09,Branch4,PowerREV,6,5,1/2/5/6/7/9,0/45/180/225/270/360,3,2.25003971118362,1,0,
372,B4_K06_I01-02-05-06-08-09,Branch4,PowerREV,6,5,1/2/5/6/8/9,0/45/180/225/315/360,3,2.31838299863611,1,0,
373,B4_K06_I01-02-05-07-08-09,Branch4,PowerREV,6,5,1/2/5/7/8/9,0/45/180/270/315/360,3,2.3325175661839,1,0,
374,B4_K06_I01-02-06-07-08-09,Branch4,PowerREV,6,5,1/2/6/7/8/9,0/45/225/270/315/360,3,3.40425677542816,1,0,
375,B4_K06_I01-03-04-05-06-07,Branch4,PowerREV,6,6,1/3/4/5/6/7,0/90/135/180/225/270,3,1.64038820320221,1,0,
376,B4_K06_I01-03-04-05-06-08,Branch4,PowerREV,6,6,1/3/4/5/6/8,0/90/135/180/225/315,3,1.62089605899677,1,0,
377,B4_K06_I01-03-04-05-06-09,Branch4,PowerREV,6,5,1/3/4/5/6/9,0/90/135/180/225/360,3,1.84531825637808,1,0,
378,B4_K06_I01-03-04-05-07-08,Branch4,PowerREV,6,6,1/3/4/5/7/8,0/90/135/180/270/315,3,1.63299316185545,1,0,
379,B4_K06_I01-03-04-05-07-09,Branch4,PowerREV,6,5,1/3/4/5/7/9,0/90/135/180/270/360,3,1.659917819227,1,0,
380,B4_K06_I01-03-04-05-08-09,Branch4,PowerREV,6,5,1/3/4/5/8/9,0/90/135/180/315/360,3,2.25003971118362,1,0,
381,B4_K06_I01-03-04-06-07-08,Branch4,PowerREV,6,6,1/3/4/6/7/8,0/90/135/225/270/315,3,1.62089605899677,1,0,
382,B4_K06_I01-03-04-06-07-09,Branch4,PowerREV,6,5,1/3/4/6/7/9,0/90/135/225/270/360,3,1.4541447024803,1,0,
383,B4_K06_I01-03-04-06-08-09,Branch4,PowerREV,6,5,1/3/4/6/8/9,0/90/135/225/315/360,3,1.75792179601342,1,0,
384,B4_K06_I01-03-04-07-08-09,Branch4,PowerREV,6,5,1/3/4/7/8/9,0/90/135/270/315/360,3,2.17389700605903,1,0,
385,B4_K06_I01-03-05-06-07-08,Branch4,PowerREV,6,6,1/3/5/6/7/8,0/90/180/225/270/315,3,1.64038820320221,1,0,
386,B4_K06_I01-03-05-06-07-09,Branch4,PowerREV,6,5,1/3/5/6/7/9,0/90/180/225/270/360,3,1.659917819227,1,0,
387,B4_K06_I01-03-05-06-08-09,Branch4,PowerREV,6,5,1/3/5/6/8/9,0/90/180/225/315/360,3,1.74797652248497,1,0,
388,B4_K06_I01-03-05-07-08-09,Branch4,PowerREV,6,5,1/3/5/7/8/9,0/90/180/270/315/360,3,1.86338873475906,1,0,
389,B4_K06_I01-03-06-07-08-09,Branch4,PowerREV,6,5,1/3/6/7/8/9,0/90/225/270/315/360,3,2.12819430326551,1,0,
390,B4_K06_I01-04-05-06-07-08,Branch4,PowerREV,6,6,1/4/5/6/7/8,0/135/180/225/270/315,3,2.03964463712676,1,0,
391,B4_K06_I01-04-05-06-07-09,Branch4,PowerREV,6,5,1/4/5/6/7/9,0/135/180/225/270/360,3,1.84531825637808,1,0,
392,B4_K06_I01-04-05-06-08-09,Branch4,PowerREV,6,5,1/4/5/6/8/9,0/135/180/225/315/360,3,2.01978604082007,1,0,
393,B4_K06_I01-04-05-07-08-09,Branch4,PowerREV,6,5,1/4/5/7/8/9,0/135/180/270/315/360,3,1.96051469591397,1,0,
394,B4_K06_I01-04-06-07-08-09,Branch4,PowerREV,6,5,1/4/6/7/8/9,0/135/225/270/315/360,3,2.04932849753857,1,0,
395,B4_K06_I01-05-06-07-08-09,Branch4,PowerREV,6,5,1/5/6/7/8/9,0/180/225/270/315/360,3,2.95082909282659,1,0,
396,B4_K06_I02-03-04-05-06-07,Branch4,PowerREV,6,6,2/3/4/5/6/7,45/90/135/180/225/270,3,2.03964463712676,1,0,
397,B4_K06_I02-03-04-05-06-08,Branch4,PowerREV,6,6,2/3/4/5/6/8,45/90/135/180/225/315,3,1.64038820320221,1,0,
398,B4_K06_I02-03-04-05-06-09,Branch4,PowerREV,6,6,2/3/4/5/6/9,45/90/135/180/225/360,3,2.03964463712676,1,0,
399,B4_K06_I02-03-04-05-07-08,Branch4,PowerREV,6,6,2/3/4/5/7/8,45/90/135/180/270/315,3,1.62089605899677,1,0,
400,B4_K06_I02-03-04-05-07-09,Branch4,PowerREV,6,6,2/3/4/5/7/9,45/90/135/180/270/360,3,1.64038820320221,1,0,
401,B4_K06_I02-03-04-05-08-09,Branch4,PowerREV,6,6,2/3/4/5/8/9,45/90/135/180/315/360,3,2.03964463712676,1,0,
402,B4_K06_I02-03-04-06-07-08,Branch4,PowerREV,6,6,2/3/4/6/7/8,45/90/135/225/270/315,3,1.63299316185545,1,0,
403,B4_K06_I02-03-04-06-07-09,Branch4,PowerREV,6,6,2/3/4/6/7/9,45/90/135/225/270/360,3,1.62089605899677,1,0,
404,B4_K06_I02-03-04-06-08-09,Branch4,PowerREV,6,6,2/3/4/6/8/9,45/90/135/225/315/360,3,1.64038820320221,1,0,
405,B4_K06_I02-03-04-07-08-09,Branch4,PowerREV,6,6,2/3/4/7/8/9,45/90/135/270/315/360,3,2.03964463712676,1,0,
406,B4_K06_I02-03-05-06-07-08,Branch4,PowerREV,6,6,2/3/5/6/7/8,45/90/180/225/270/315,3,1.62089605899677,1,0,
407,B4_K06_I02-03-05-06-07-09,Branch4,PowerREV,6,6,2/3/5/6/7/9,45/90/180/225/270/360,3,1.63299316185545,1,0,
408,B4_K06_I02-03-05-06-08-09,Branch4,PowerREV,6,6,2/3/5/6/8/9,45/90/180/225/315/360,3,1.62089605899677,1,0,
409,B4_K06_I02-03-05-07-08-09,Branch4,PowerREV,6,6,2/3/5/7/8/9,45/90/180/270/315/360,3,1.64038820320221,1,0,
410,B4_K06_I02-03-06-07-08-09,Branch4,PowerREV,6,6,2/3/6/7/8/9,45/90/225/270/315/360,3,2.03964463712676,1,0,
411,B4_K06_I02-04-05-06-07-08,Branch4,PowerREV,6,6,2/4/5/6/7/8,45/135/180/225/270/315,3,1.64038820320221,1,0,
412,B4_K06_I02-04-05-06-07-09,Branch4,PowerREV,6,6,2/4/5/6/7/9,45/135/180/225/270/360,3,1.62089605899677,1,0,
413,B4_K06_I02-04-05-06-08-09,Branch4,PowerREV,6,6,2/4/5/6/8/9,45/135/180/225/315/360,3,1.63299316185545,1,0,
414,B4_K06_I02-04-05-07-08-09,Branch4,PowerREV,6,6,2/4/5/7/8/9,45/135/180/270/315/360,3,1.62089605899677,1,0,
415,B4_K06_I02-04-06-07-08-09,Branch4,PowerREV,6,6,2/4/6/7/8/9,45/135/225/270/315/360,3,1.64038820320221,1,0,
416,B4_K06_I02-05-06-07-08-09,Branch4,PowerREV,6,6,2/5/6/7/8/9,45/180/225/270/315/360,3,2.03964463712676,1,0,
417,B4_K06_I03-04-05-06-07-08,Branch4,PowerREV,6,6,3/4/5/6/7/8,90/135/180/225/270/315,3,2.03964463712676,1,0,
418,B4_K06_I03-04-05-06-07-09,Branch4,PowerREV,6,6,3/4/5/6/7/9,90/135/180/225/270/360,3,1.64038820320221,1,0,
419,B4_K06_I03-04-05-06-08-09,Branch4,PowerREV,6,6,3/4/5/6/8/9,90/135/180/225/315/360,3,1.62089605899677,1,0,
420,B4_K06_I03-04-05-07-08-09,Branch4,PowerREV,6,6,3/4/5/7/8/9,90/135/180/270/315/360,3,1.63299316185545,1,0,
421,B4_K06_I03-04-06-07-08-09,Branch4,PowerREV,6,6,3/4/6/7/8/9,90/135/225/270/315/360,3,1.62089605899677,1,0,
422,B4_K06_I03-05-06-07-08-09,Branch4,PowerREV,6,6,3/5/6/7/8/9,90/180/225/270/315/360,3,1.64038820320221,1,0,
423,B4_K06_I04-05-06-07-08-09,Branch4,PowerREV,6,6,4/5/6/7/8/9,135/180/225/270/315/360,3,2.03964463712676,1,0,
424,B4_K07_I01-02-03-04-05-06-07,Branch4,PowerREV,7,7,1/2/3/4/5/6/7,0/45/90/135/180/225/270,3,1.59383575808277,1,0,
425,B4_K07_I01-02-03-04-05-06-08,Branch4,PowerREV,7,7,1/2/3/4/5/6/8,0/45/90/135/180/225/315,3,1.59383575808277,1,0,
426,B4_K07_I01-02-03-04-05-06-09,Branch4,PowerREV,7,6,1/2/3/4/5/6/9,0/45/90/135/180/225/360,3,1.98291847171118,1,0,
427,B4_K07_I01-02-03-04-05-07-08,Branch4,PowerREV,7,7,1/2/3/4/5/7/8,0/45/90/135/180/270/315,3,1.59383575808277,1,0,
428,B4_K07_I01-02-03-04-05-07-09,Branch4,PowerREV,7,6,1/2/3/4/5/7/9,0/45/90/135/180/270/360,3,1.7474907444751,1,0,
429,B4_K07_I01-02-03-04-05-08-09,Branch4,PowerREV,7,6,1/2/3/4/5/8/9,0/45/90/135/180/315/360,3,2.27803931585949,1,0,
430,B4_K07_I01-02-03-04-06-07-08,Branch4,PowerREV,7,7,1/2/3/4/6/7/8,0/45/90/135/225/270/315,3,1.59383575808277,1,0,
431,B4_K07_I01-02-03-04-06-07-09,Branch4,PowerREV,7,6,1/2/3/4/6/7/9,0/45/90/135/225/270/360,3,1.66386202630304,1,0,
432,B4_K07_I01-02-03-04-06-08-09,Branch4,PowerREV,7,6,1/2/3/4/6/8/9,0/45/90/135/225/315/360,3,1.88102963880639,1,0,
433,B4_K07_I01-02-03-04-07-08-09,Branch4,PowerREV,7,6,1/2/3/4/7/8/9,0/45/90/135/270/315/360,3,2.1992093289624,1,0,
434,B4_K07_I01-02-03-05-06-07-08,Branch4,PowerREV,7,7,1/2/3/5/6/7/8,0/45/90/180/225/270/315,3,1.59383575808277,1,0,
435,B4_K07_I01-02-03-05-06-07-09,Branch4,PowerREV,7,6,1/2/3/5/6/7/9,0/45/90/180/225/270/360,3,1.70953847804352,1,0,
436,B4_K07_I01-02-03-05-06-08-09,Branch4,PowerREV,7,6,1/2/3/5/6/8/9,0/45/90/180/225/315/360,3,1.79577308722275,1,0,
437,B4_K07_I01-02-03-05-07-08-09,Branch4,PowerREV,7,6,1/2/3/5/7/8/9,0/45/90/180/270/315/360,3,1.92201630829681,1,0,
438,B4_K07_I01-02-03-06-07-08-09,Branch4,PowerREV,7,6,1/2/3/6/7/8/9,0/45/90/225/270/315/360,3,2.1992093289624,1,0,
439,B4_K07_I01-02-04-05-06-07-08,Branch4,PowerREV,7,7,1/2/4/5/6/7/8,0/45/135/180/225/270/315,3,1.59383575808277,1,0,
440,B4_K07_I01-02-04-05-06-07-09,Branch4,PowerREV,7,6,1/2/4/5/6/7/9,0/45/135/180/225/270/360,3,1.64872505219752,1,0,
441,B4_K07_I01-02-04-05-06-08-09,Branch4,PowerREV,7,6,1/2/4/5/6/8/9,0/45/135/180/225/315/360,3,1.74077368673836,1,0,
442,B4_K07_I01-02-04-05-07-08-09,Branch4,PowerREV,7,6,1/2/4/5/7/8/9,0/45/135/180/270/315/360,3,1.79577308722275,1,0,
443,B4_K07_I01-02-04-06-07-08-09,Branch4,PowerREV,7,6,1/2/4/6/7/8/9,0/45/135/225/270/315/360,3,1.88102963880639,1,0,
444,B4_K07_I01-02-05-06-07-08-09,Branch4,PowerREV,7,6,1/2/5/6/7/8/9,0/45/180/225/270/315/360,3,2.27803931585949,1,0,
445,B4_K07_I01-03-04-05-06-07-08,Branch4,PowerREV,7,7,1/3/4/5/6/7/8,0/90/135/180/225/270/315,3,1.59383575808277,1,0,
446,B4_K07_I01-03-04-05-06-07-09,Branch4,PowerREV,7,6,1/3/4/5/6/7/9,0/90/135/180/225/270/360,3,1.52367866134271,1,0,
447,B4_K07_I01-03-04-05-06-08-09,Branch4,PowerREV,7,6,1/3/4/5/6/8/9,0/90/135/180/225/315/360,3,1.64872505219752,1,0,
448,B4_K07_I01-03-04-05-07-08-09,Branch4,PowerREV,7,6,1/3/4/5/7/8/9,0/90/135/180/270/315/360,3,1.70953847804352,1,0,
449,B4_K07_I01-03-04-06-07-08-09,Branch4,PowerREV,7,6,1/3/4/6/7/8/9,0/90/135/225/270/315/360,3,1.66386202630304,1,0,
450,B4_K07_I01-03-05-06-07-08-09,Branch4,PowerREV,7,6,1/3/5/6/7/8/9,0/90/180/225/270/315/360,3,1.7474907444751,1,0,
451,B4_K07_I01-04-05-06-07-08-09,Branch4,PowerREV,7,6,1/4/5/6/7/8/9,0/135/180/225/270/315/360,3,1.98291847171118,1,0,
452,B4_K07_I02-03-04-05-06-07-08,Branch4,PowerREV,7,7,2/3/4/5/6/7/8,45/90/135/180/225/270/315,3,1.59383575808277,1,0,
453,B4_K07_I02-03-04-05-06-07-09,Branch4,PowerREV,7,7,2/3/4/5/6/7/9,45/90/135/180/225/270/360,3,1.59383575808277,1,0,
454,B4_K07_I02-03-04-05-06-08-09,Branch4,PowerREV,7,7,2/3/4/5/6/8/9,45/90/135/180/225/315/360,3,1.59383575808277,1,0,
455,B4_K07_I02-03-04-05-07-08-09,Branch4,PowerREV,7,7,2/3/4/5/7/8/9,45/90/135/180/270/315/360,3,1.59383575808277,1,0,
456,B4_K07_I02-03-04-06-07-08-09,Branch4,PowerREV,7,7,2/3/4/6/7/8/9,45/90/135/225/270/315/360,3,1.59383575808277,1,0,
457,B4_K07_I02-03-05-06-07-08-09,Branch4,PowerREV,7,7,2/3/5/6/7/8/9,45/90/180/225/270/315/360,3,1.59383575808277,1,0,
458,B4_K07_I02-04-05-06-07-08-09,Branch4,PowerREV,7,7,2/4/5/6/7/8/9,45/135/180/225/270/315/360,3,1.59383575808277,1,0,
459,B4_K07_I03-04-05-06-07-08-09,Branch4,PowerREV,7,7,3/4/5/6/7/8/9,90/135/180/225/270/315/360,3,1.59383575808277,1,0,
460,B4_K08_I01-02-03-04-05-06-07-08,Branch4,PowerREV,8,8,1/2/3/4/5/6/7/8,0/45/90/135/180/225/270/315,3,1.41421356237309,1,1,
461,B4_K08_I01-02-03-04-05-06-07-09,Branch4,PowerREV,8,7,1/2/3/4/5/6/7/9,0/45/90/135/180/225/270/360,3,1.57014272396837,1,0,
462,B4_K08_I01-02-03-04-05-06-08-09,Branch4,PowerREV,8,7,1/2/3/4/5/6/8/9,0/45/90/135/180/225/315/360,3,1.71571923465824,1,0,
463,B4_K08_I01-02-03-04-05-07-08-09,Branch4,PowerREV,8,7,1/2/3/4/5/7/8/9,0/45/90/135/180/270/315/360,3,1.7400536966141,1,0,
464,B4_K08_I01-02-03-04-06-07-08-09,Branch4,PowerREV,8,7,1/2/3/4/6/7/8/9,0/45/90/135/225/270/315/360,3,1.66841590285253,1,0,
465,B4_K08_I01-02-03-05-06-07-08-09,Branch4,PowerREV,8,7,1/2/3/5/6/7/8/9,0/45/90/180/225/270/315/360,3,1.7400536966141,1,0,
466,B4_K08_I01-02-04-05-06-07-08-09,Branch4,PowerREV,8,7,1/2/4/5/6/7/8/9,0/45/135/180/225/270/315/360,3,1.71571923465824,1,0,
467,B4_K08_I01-03-04-05-06-07-08-09,Branch4,PowerREV,8,7,1/3/4/5/6/7/8/9,0/90/135/180/225/270/315/360,3,1.57014272396837,1,0,
468,B4_K08_I02-03-04-05-06-07-08-09,Branch4,PowerREV,8,8,2/3/4/5/6/7/8/9,45/90/135/180/225/270/315/360,3,1.41421356237309,1,0,
469,B4_K09_I01-02-03-04-05-06-07-08-09,Branch4,PowerREV,9,8,1/2/3/4/5/6/7/8/9,0/45/90/135/180/225/270/315/360,3,1.53411610008943,1,0,
