MethodIndex,MethodId,Branch,StateCount,StationCount,Stations,ResponseRecoverable,BartlettValid,MusicValid,BartlettErrorM,MusicErrorM,MusicMinusBartlettErrorM,BartlettRayRmsM,MusicRayRmsM,BartlettAllRaysForward,MusicAllRaysForward,BartlettX_M,BartlettY_M,BartlettZ_M,MusicX_M,MusicY_M,MusicZ_M
3,B3_HADAMARD,Branch3,NaN,2,L1-L2,1,1,1,1.75107921647114,1.71354717006868,-0.0375320464024618,0.0280435758329183,0.0204725723485921,1,1,0.364703038744448,1.37889001665656,1.42670101780949,0.345258554034257,1.41233341707754,1.45024789992536
3,B3_HADAMARD,Branch3,NaN,2,L1-L3,1,1,1,1.25249830480243,1.17296251161318,-0.0795357931892477,0.269359956350757,0.248602348835659,1,1,-0.0661739541225382,1.84012442892495,1.54673401500581,-0.0958145503548052,1.92286594174756,1.5667736149792
3,B3_HADAMARD,Branch3,NaN,2,L1-L4,1,1,1,0.858226014103336,0.826129692422023,-0.0320963216813134,0.279450390747981,0.262230983029473,1,1,-0.271780316985845,2.27594801354968,1.49740887301191,-0.286527283290049,2.31584968553836,1.53291922311777
3,B3_HADAMARD,Branch3,NaN,2,L2-L3,1,1,1,1.38706234696722,1.35816084665292,-0.0289015003143074,0.195088548061533,0.18496416013914,1,1,-0.134599287233027,1.7125583946245,1.59208479804583,-0.145335517073337,1.7436156865127,1.60357486786536
3,B3_HADAMARD,Branch3,NaN,2,L2-L4,1,1,1,1.21682939770133,1.19555380637675,-0.0212755913245861,0.198260430714365,0.194260833854614,1,1,-0.438428314323309,1.95654481367133,1.5611043115864,-0.447300926897877,1.9842853491488,1.58164493634779
3,B3_HADAMARD,Branch3,NaN,2,L3-L4,1,1,1,0.699985230469051,0.678134249575398,-0.0218509808936527,0.0257538128381443,0.0160608649945581,1,1,-0.247190224832164,2.50949045366462,1.80312535729583,-0.25672300600717,2.54706506996262,1.8149301833409
3,B3_HADAMARD,Branch3,NaN,3,L1-L2-L3,1,1,1,1.38835827043574,1.34919257377037,-0.0391656966653626,0.233601695038109,0.219933662175018,1,1,-0.0183826760287463,1.70180022397317,1.48989326222761,-0.0329588562038371,1.74122420497134,1.50617815989272
3,B3_HADAMARD,Branch3,NaN,3,L1-L2-L4,1,1,1,1.12661782537277,1.09218924538809,-0.0344285799846884,0.270776559151795,0.260671815214214,1,1,-0.280444257058852,2.00106506629061,1.43043382087742,-0.29330192316331,2.03865843677277,1.46085607274403
3,B3_HADAMARD,Branch3,NaN,3,L1-L3-L4,1,1,1,0.794743594866285,0.746090765793179,-0.0486528290731054,0.323129963168,0.307658652813319,1,1,-0.261052703417294,2.38775755881839,1.76518752124261,-0.268000201021895,2.456617145375,1.78922911769247
3,B3_HADAMARD,Branch3,NaN,3,L2-L3-L4,1,1,1,1.12988759419379,1.09667344816064,-0.0332141460331479,0.236665323559698,0.233450372164353,1,1,-0.326758743861299,2.0295577292745,1.71292460938501,-0.344060553996459,2.07460964815175,1.73086234092571
3,B3_HADAMARD,Branch3,NaN,4,L1-L2-L3-L4,1,1,1,1.17115193635109,1.13543483207186,-0.035717104279231,0.277565262432014,0.264409271057783,1,1,-0.259067067562056,1.94926013714522,1.5565126341429,-0.269248009189463,1.99020542555117,1.58467385335802
