claim_id,source_line,section,text_sha256,evidence_ids,status
C002,2,摘要,85b11c850ed8723bbe7d57780d6e66ec225f0de481d450cadcd797dfeb56da8f,E001;E002;E003;E004;E006,draft_agent_mapped_human_pending
C003,3,摘要,ba68da38266fc62202cd54e6a00d59fee887fbbb70c9823d2aa9e85220e29ad5,E001;E002;E003;E004;E006,draft_agent_mapped_human_pending
C004,4,摘要,430cdf5759821616bb7dc2afb0d6cf0963b9ace1836d1dbbddcca94be6ec99fd,E001;E002;E003;E004;E006,draft_agent_mapped_human_pending
C005,5,摘要,a8a8094410676c1f9521999b0880892954982096cc80866c91de5b02c763a1da,E001;E002;E003;E004;E006,draft_agent_mapped_human_pending
C008,8,第一章,a5c2ecb3862e1bef7fce00d871a7c7dd2fd147b001008e60c84463face809f69,E003;E005;E008;E009,draft_agent_mapped_human_pending
C009,9,第一章,4e232402f4003756733e8bf523429dedff44b03fa25c210387dac51f0f31f5be,E003;E005;E008;E009,draft_agent_mapped_human_pending
C010,10,第一章,da515c471e9bbf31d0ca0842d7386d1e2517e63c2b8a6c0545c33893edf90fa9,E003;E005;E008;E009,draft_agent_mapped_human_pending
C012,12,第一章,44b28b3d55602e722956c0f6435b7cd16837df51e1a7b9f03afa3797731d79e6,E003;E005;E008;E009,draft_agent_mapped_human_pending
C013,13,第一章,b3e440ef9cff546d2bf303fcdece8cede909cb757e21a4da94094905d207b36f,E003;E005;E008;E009,draft_agent_mapped_human_pending
C014,14,第一章,d8110b4f75ce4171ce1db2a38f9853b0214bda171201e9b34bcfc86ae48ab19f,E003;E005;E008;E009,draft_agent_mapped_human_pending
C016,16,第一章,71b1eef2c6ba4bb9b07b52c8ce5bfbe3ae7d68c4fa53f3ab191bddfe7a6871bf,E003;E005;E008;E009,draft_agent_mapped_human_pending
C017,17,第一章,fd54aa3fc9801f5de53ae27d82269ef1def53f219c30f8b07db872cb06904efd,E003;E005;E008;E009,draft_agent_mapped_human_pending
C018,18,第一章,297717d40a36d1c0912c7b871bc3ac94abc3497081a33b2857754a7ca3300a99,E003;E005;E008;E009,draft_agent_mapped_human_pending
C021,21,第二章,3562e80837e5f3658eb0da7a01e9748ce6465427bb7df693558811cad22c655d,E003,draft_agent_mapped_human_pending
C023,23,第二章,f966b40c1c64b3963d4ae58d12d25f956b58e7b9be946c9b5cb4df97f00a66e5,E003,draft_agent_mapped_human_pending
C025,25,第二章,70fe93745b885f11e3e88ed71967aa9091cc3a4a56d30b620fb50830459a4fd3,E003,draft_agent_mapped_human_pending
C027,27,第二章,0b9e90554a960826ca2ca669cb9dab2787cd9edb3b4a3c8b6bd3845dde050fcd,E003,draft_agent_mapped_human_pending
C029,29,第二章,9f5422b01f46d82bcc6960f8ede9f0da9404544ce89dfbf9ccd3caf98b5b7a01,E003,draft_agent_mapped_human_pending
C031,31,第二章,081b6126e9861e04593e03f5da796e328896c136daaa2b557123a433c15288ec,E003,draft_agent_mapped_human_pending
C033,33,第二章,19ab94264d0cb5e14201405605087f2fbdbe829e709d8c8ad36b8715ae7d1e8b,E003,draft_agent_mapped_human_pending
C034,34,第二章,a9fe40935beefebc3020e6b9e1c49c76282517e4a09422880a3af015a4272d9e,E003,draft_agent_mapped_human_pending
C037,37,第三章,29171a500b2197f34d6e98783200b30c736efe9388ec6fcf9f4537b8d0ea5ec6,E003;E008;E009,draft_agent_mapped_human_pending
C039,39,第三章,ab9eb2d42117412f5fb1c990d72d38c22594791799fef9c9a545736abe5a20e1,E003;E008;E009,draft_agent_mapped_human_pending
C041,41,第三章,e59e910735033bcd242edcfe75d9a63b01fb82b42cb5184da9be7fb990e95013,E003;E008;E009,draft_agent_mapped_human_pending
C044,44,第三章,d77ba78304eeefc8f205fa90e94ae1bc9db04a09ba1aebfd0d59c2a63225e5a1,E003;E008;E009,draft_agent_mapped_human_pending
C046,46,第三章,3d50439824fc47482004f59611af40cbd0fad5613c41f4399e64090704ba6341,E003;E008;E009,draft_agent_mapped_human_pending
C047,47,第三章,ff58abac4c2862391bf36a12e26207babd204be132d5d55e88066f1ed6638bc1,E003;E008;E009,draft_agent_mapped_human_pending
C048,48,第三章,55e866183f28615b6378bf9a01e4501434863a0fc269f2600b4136109a4e3298,E003;E008;E009,draft_agent_mapped_human_pending
C050,50,第三章,b4e9ab4af30b138fde7d1659f41c4bb9c4c03926d6a825dfefca06b6a717e23e,E003;E008;E009,draft_agent_mapped_human_pending
C052,52,第三章,3c62ec07d1d9b95b9eae0965722181ef01d3741d656ca60d170f42311bf38ebd,E003;E008;E009,draft_agent_mapped_human_pending
C054,54,第三章,a7d4d3af46a5f3ce21d3ca2e93851d9c4280f4be386781c6d30b88e4444cd4db,E003;E008;E009,draft_agent_mapped_human_pending
C056,56,第三章,d389f41b6ed0d3edc12314f1687f264962d81174f08a67b50247ad4e85b18f5b,E003;E008;E009,draft_agent_mapped_human_pending
C057,57,第三章,1e79443b10a0ffc209d266aa543dcfa328605078ce12d5d80be294510c41ac05,E003;E008;E009,draft_agent_mapped_human_pending
C059,59,第三章,1ac04cc5e03fa8863201ae402c581aa5b0fce9f3b07deb79e062f8bb2ed9554c,E003;E008;E009,draft_agent_mapped_human_pending
C061,61,第三章,ac2e72531516b67d21d5c214552b1799a74368aea0a477026a4c9a08b9e5a46b,E003;E008;E009,draft_agent_mapped_human_pending
C063,63,第三章,826bf3d35ea065e001e827fafbaa96ca1669599c2d79704fcef65fc6c88a3570,E003;E008;E009,draft_agent_mapped_human_pending
C066,66,第三章,9a2d757f19cdb2d89dced32e00213910d9bf6826918c6d031acef1bf3ad56ed1,E003;E008;E009,draft_agent_mapped_human_pending
C067,67,第三章,f0e310a44ac69f2d9588ae0f0926def6690d9e7518674fc9cebcd6905a650575,E003;E008;E009,draft_agent_mapped_human_pending
C071,71,第四章,76f8ff771ed54a1a4b904339fb47c87468a736bf65872729b96a5db59ac0fb8b,E001;E003;E006,draft_agent_mapped_human_pending
C073,73,第四章,c75ea56f532383511d3dfcccf468afa9b5c24822130869c805495a6fb72c3be0,E001;E003;E006,draft_agent_mapped_human_pending
C074,74,第四章,770e1d2d9c3991408bb0213dc97bf163d50f938aa02ab18364407d0c0e81739d,E001;E003;E006,draft_agent_mapped_human_pending
C076,76,第四章,6cda7003ac36e85baa2362ec0ed87cd7cb08f101d6fa2a0f307e52a69ec4072f,E001;E003;E006,draft_agent_mapped_human_pending
C078,78,第四章,cd294caa50da12b6c08e2cfd9261228f9988db149fa73289cd24ffe592235783,E001;E003;E006,draft_agent_mapped_human_pending
C079,79,第四章,02ae07ba094a610b4ed4d83ad0911d353e89d2c015ea1a4c5cbf793d8f125476,E001;E003;E006,draft_agent_mapped_human_pending
C081,81,第四章,e3aed1f8fb7c3b1601ab11ff32cbc73a28377e4d60bcccad83da897f5a3f72af,E001;E003;E006,draft_agent_mapped_human_pending
C082,82,第四章,11ea2b1f6dd42437d8aff8fe0132e2abe82849271fad81bb4a2d8fb04ef9f89a,E001;E003;E006,draft_agent_mapped_human_pending
C083,83,第四章,f6b19a3c5e23178d9919dfef08bdda27c42757c0ca9ee2768738c9fb7952dfeb,E001;E003;E006,draft_agent_mapped_human_pending
C087,87,第四章,640f0ef3831bc29d89036a0d3cc9adb66324c91045796988db1678980aaaa7c1,E001;E003;E006,draft_agent_mapped_human_pending
C088,88,第四章,791cc88feaad431fa25b2b1d9fa2189206922226b0304348804d3cd89b767d03,E001;E003;E006,draft_agent_mapped_human_pending
C089,89,第四章,782ed4329dc99b7ced67c8f04ac29afa7bd2d716d73d94f3a769842d852f6225,E001;E003;E006,draft_agent_mapped_human_pending
C090,90,第四章,ea8a76a0cf45b9c64fd925c352dbf10ba63346bcc6764cdd8d678262f63d0292,E001;E003;E006,draft_agent_mapped_human_pending
C092,92,第四章,84167b9bfd4dca315bcac3daea164590e1a108656708b0ef4833aee9d7471fb3,E001;E003;E006,draft_agent_mapped_human_pending
C093,93,第四章,210c8c8eeccd0b6fb4052f7ca298df2779f5d8ec0ceb3c55c6aca8c1e6b8f2c1,E001;E003;E006,draft_agent_mapped_human_pending
C096,96,第五章,45d39a0439726ad3e9a2bcfe7ea09fb85069364719d10bab56a5eb71363652ec,E002;E004;E006,draft_agent_mapped_human_pending
C097,97,第五章,3bac492cfb167c55b48a5b0ae70c6ce67b20101a1a5a399660c488b08d36e68d,E002;E004;E006,draft_agent_mapped_human_pending
C098,98,第五章,3186e536915c9f299e9fc39c71859da3f285c6b9cd2f786d3c93f0e7c309cd3a,E002;E004;E006,draft_agent_mapped_human_pending
C100,100,第五章,92695db3602c896b01159aea170d3349d35490272217d986396cda6eddd11080,E002;E004;E006,draft_agent_mapped_human_pending
C102,102,第五章,7b598a24eff188afa9eb0cd162a4e34e04dfd2876a1dc4f4cd195f045452d772,E002;E004;E006,draft_agent_mapped_human_pending
C103,103,第五章,9954d8a6bc90b8fd50dc773fa107c74ab989d2e05af471ffdeff9649ba1063e3,E002;E004;E006,draft_agent_mapped_human_pending
C105,105,第五章,ed05344267a1730887b3710638f0214f19c890addceb94cc9c6662689378ccf5,E002;E004;E006,draft_agent_mapped_human_pending
C107,107,第五章,3cd7de237fb044a25fafef41772231820d45ff4b39136cd0cfebab195aacd16a,E002;E004;E006,draft_agent_mapped_human_pending
C109,109,第五章,df39e7e4a4f0eba6128b721a02e33afc469232904b614c8b778d54173ca606f0,E002;E004;E006,draft_agent_mapped_human_pending
C111,111,第五章,ab7e5f563c6722552127297c9dbefb31c99dc2ce24fe88dd719c522fb2b06da4,E002;E004;E006,draft_agent_mapped_human_pending
C113,113,第五章,25fa2896ff51c8051e26e75f8ee14085a73a3780af113279850e0a472559071a,E002;E004;E006,draft_agent_mapped_human_pending
C115,115,第五章,28d7cb57a45a3abaabbd83c8dc506c6e7fed7bfa716f70d110c380fc71aa63cb,E002;E004;E006,draft_agent_mapped_human_pending
C117,117,第五章,39507ed796f8067377a29b06a996bfe0efe19705c12c156f604b0062e54c980c,E002;E004;E006,draft_agent_mapped_human_pending
C119,119,第五章,0dc2ce94ae7b25ecc87517957233405eef7a40328c83d7cfd2a275ce6a04835d,E002;E004;E006,draft_agent_mapped_human_pending
C120,120,第五章,8dc22fb98109c6c1381f3469cd229d1264ed9e789acbb06261b97a731d55eba6,E002;E004;E006,draft_agent_mapped_human_pending
C121,121,第五章,8f0e106ad05238d453f6f47e18527a8b3873668863455762d50e270d2f5f347e,E002;E004;E006,draft_agent_mapped_human_pending
C124,124,第六章,013c763fb449f6aeb7eb49eff593c8c7723c52a307a8e42c79c529d067e17ede,E001;E002;E003;E004;E006,draft_agent_mapped_human_pending
C125,125,第六章,7820be86dfb4ac2561a262dc61990e279c26ce79b69644b96b405aa4e95c798d,E001;E002;E003;E004;E006,draft_agent_mapped_human_pending
C127,127,第六章,ec837d7d63f9ea518bece189e945fa4c4d56a649da3b31adde0ff9cea323c313,E001;E002;E003;E004;E006,draft_agent_mapped_human_pending
C128,128,第六章,c1742da26f4e3142a89ff9b9bb41db11542f8e3b81ed11950f571aa44e4e3629,E001;E002;E003;E004;E006,draft_agent_mapped_human_pending
C129,129,第六章,6e6be41843b17a74a025ad5d3551111242e0150739d23c5fdcadd423410cae22,E001;E002;E003;E004;E006,draft_agent_mapped_human_pending
C130,130,第六章,25c951e6b3a0e722dcabe9db66465cda744f099c5ffd2f0584533bc184435a63,E001;E002;E003;E004;E006,draft_agent_mapped_human_pending
C132,132,第六章,d2a95098a6fe78043efe638fb503dde7c61a430ec51aa33902bf9060925e8958,E001;E002;E003;E004;E006,draft_agent_mapped_human_pending
C133,133,第六章,564fe73c6924e03c17c1d7fefd1286eda68ea50da16ad1276153a57e3129a835,E001;E002;E003;E004;E006,draft_agent_mapped_human_pending
C134,134,第六章,3f9b54d74f4ad2feffc44d091fcd6fdf3b95535cd8428d2ee5fc4afea561c9cc,E001;E002;E003;E004;E006,draft_agent_mapped_human_pending
C136,136,参考文献,6a9ff6943c24ce6d0724fcd44c489c8099553130b0800cf89b1fb7166b1a3606,E008;E009;E010,draft_agent_mapped_human_pending
C137,137,参考文献,ba69bf6260d0bee9459e555fe3ec11284399522313c1a626e9a453980803e663,E008;E009;E010,draft_agent_mapped_human_pending
C138,138,参考文献,a8b5d863d32c7d092ed17a8dec8eb46fae65fc1e41035f74b21a69073b39f931,E008;E009;E010,draft_agent_mapped_human_pending
C140,140,附录,c6f502af24b1b019be6917a5e3903d93b8a00a8ba234cef86b7446ebf42ae69b,E001;E002;E010,draft_agent_mapped_human_pending
C141,141,附录,1c3db9a31f7707c3469198779c381f8397aa3735b0365865035e82ea4fc85c35,E001;E002;E010,draft_agent_mapped_human_pending
