MethodIndex,MethodId,Branch,StateCount,StationCount,Stations,LocalizationValid,FailureReason,ErrorM,EstimatedX_M,EstimatedY_M,EstimatedZ_M,RmsRayDistanceM,AllRaysForward
1,B1_DFT8,Branch1,8,2,L1-L2,1,,1.7130302704202,0.345629748903517,1.41278180603892,1.45581953039297,0.0214193243260425,1
1,B1_DFT8,Branch1,8,2,L1-L3,1,,1.1160550311514,-0.121315385183987,1.98190662837892,1.55468536957412,0.236350039614633,1
1,B1_DFT8,Branch1,8,2,L1-L4,1,,0.823064845205064,-0.286809656790318,2.31938207841935,1.53638652391985,0.258658983154399,1
1,B1_DFT8,Branch1,8,2,L2-L3,1,,1.34082614602273,-0.160609701151768,1.76230102244427,1.59609736079412,0.17092928461195,1
1,B1_DFT8,Branch1,8,2,L2-L4,1,,1.19414120518449,-0.44755440508243,1.98625068791727,1.58605654238738,0.189852895237717,1
1,B1_DFT8,Branch1,8,2,L3-L4,1,,0.694030064213452,-0.26659420457419,2.52265249033888,1.79786249075859,4.47267930256615e-05,1
1,B1_DFT8,Branch1,8,3,L1-L2-L3,1,,1.32628204350608,-0.0514200721136144,1.7647247044123,1.50504242158285,0.210092263510907,1
1,B1_DFT8,Branch1,8,3,L1-L2-L4,1,,1.10191188234868,-0.29802202896956,2.0296951833747,1.46614202381604,0.25817491974835,1
1,B1_DFT8,Branch1,8,3,L1-L3-L4,1,,0.710797736186944,-0.269470208741338,2.50066065195484,1.7920588317704,0.30828255353146,1
1,B1_DFT8,Branch1,8,3,L2-L3-L4,1,,1.08169969238106,-0.347155595071494,2.09145427428848,1.72904945092945,0.226040517943263,1
1,B1_DFT8,Branch1,8,4,L1-L2-L3-L4,1,,1.12707549868413,-0.27386534291208,2.00060211835795,1.5922453747325,0.255989115961077,1
